Workbook
Name DF_GRID_1: #REF!
Name DF_GRID_2: #REF!
Name DF_GRID_3: #REF!
Name DF_GRID_4: #REF!
Name DF_GRID_5: #REF!
Name JR_PAGE_ANCHOR_0_1: #REF!
Name а: #REF!
Name Бюджет: #REF!
Name в: #REF!
Name ГАБСэкономия: #REF!
Name дф: #REF!
Name желтая: #REF!
Name инд2019: #REF!
Name индекс2017: #REF!
Name индекс2018: #REF!
Name индекс2020: #REF!
Name индекс2021: #REF!
Name мосты: #REF!
Name мосты2: #REF!
Name МУН: #REF!
Name ноль: #REF!
Name объекты: #REF!
Name объекты12.07.19: #REF!
Name объекты2019: #REF!
Name ооо: #REF!
Name про: #REF!
Name ррр: #REF!
Name трнкрн: #REF!
Name фы: #REF!

Sheet СВОД СМР
W1: тыс. руб.
C3: № | D3: Подрядчики | E3: Заключено ГК на сумму | F3: Кол-во объектов/ контрактов | G3: Средняя стоимость контракта | H3: Оплачено на 01.01.2026 | I3: Процент оплаты | J3: Аванс по ГК | K3: % аванса по ГК | L3: Выданный аванс всего | M3: % выданного аванса | N3: Неотработанный аванс | O3: % неотработанного аванаса | P3: Оплачено всего | Q3: % оплаты | R3: Выполнено всего | S3: % выполнения | T3: Лимит 2026 было | U3: Лимит 2026 текущий | V3: Лимит 2027 было | W3: Лимит 2027 текущий
E4: =SUM(E5:E32) -> 2.4110774e+08 | F4: =SUM(F5:F32) -> 104 | J4: =SUM(J5:J32) -> 92630820 | K4: =J4/E4 -> 0.38418849 | L4: =SUM(L5:L32) -> 74879145 | M4: =L4/J4 -> 0.80836103 | N4: =SUM(N5:N32) -> 44838965 | O4: =N4/L4 -> 0.59881781 | P4: =SUM(P5:P32) -> 1.1796629e+08 | Q4: =P4/E4 -> 0.48926795 | R4: =SUM(R5:R32) -> 73314369 | S4: =R4/E4 -> 0.30407306 | T4: =SUM(T5:T32) -> 17919910 | U4: =SUM(U5:U32) -> 28197121 | V4: =SUM(V5:V32) -> 25312808 | W4: =SUM(W5:W32) -> 28593994
B5: =#REF!-#REF!-#REF!-#REF! -> #REF! | C5: 1 | D5: СТГ | E5: ='контракты СМР'!D4 -> 61044205 | F5: 14 | J5: ='контракты СМР'!F4 -> 29414196 | K5: =J5/E5 -> 0.48185076 | L5: ='контракты СМР'!H4 -> 26798060 | M5: 0.90077157 | N5: ='контракты СМР'!K4 -> 15244604 | O5: 0.59561567 | P5: ='контракты СМР'!M4 -> 37836048 | Q5: 0.61548819 | R5: ='контракты СМР'!O4 -> 22591444 | S5: 0.36733126 | T5: ='контракты СМР'!S4 -> 1767022.6 | U5: ='контракты СМР'!V4 -> 5655417.6 | V5: ='контракты СМР'!AA4 -> 4026813.6 | W5: ='контракты СМР'!AB4 -> 5016070.6
C6: 2 | D6: АРКС+МИСК | E6: ='контракты СМР'!D41+'контракты СМР'!D49 -> 57138138 | F6: 16 | J6: ='контракты СМР'!F49+'контракты СМР'!F41 -> 22719415 | K6: =J6/E6 -> 0.3976226 | L6: ='контракты СМР'!H41+'контракты СМР'!H49 -> 20823360 | M6: 0.82 | N6: ='контракты СМР'!K41+'контракты СМР'!K49 -> 14644634 | O6: 0.65 | P6: ='контракты СМР'!M41+'контракты СМР'!M49 -> 30857232 | Q6: 0.5 | R6: ='контракты СМР'!O41+'контракты СМР'!O49 -> 16212598 | S6: 0.29 | T6: ='контракты СМР'!S41+'контракты СМР'!S49 -> 2531762.1 | U6: ='контракты СМР'!V41+'контракты СМР'!V49 -> 6221164.9 | V6: ='контракты СМР'!AA41+'контракты СМР'!AA49 -> 1655774.1 | W6: ='контракты СМР'!AB41+'контракты СМР'!AB49 -> 4195861.7
B7: =#REF!-#REF!-#REF!-#REF! -> #REF! | C7: 3 | D7: ДИМ | E7: ='контракты СМР'!D19 -> 28155094 | F7: 7 | J7: ='контракты СМР'!F19 -> 11521893 | K7: =J7/E7 -> 0.40922941 | L7: ='контракты СМР'!H19 -> 7241237.3 | M7: =L7/J7 -> 0.62847638 | N7: ='контракты СМР'!K19 -> 3353747.4 | O7: =N7/L7 -> 0.46314562 | P7: ='контракты СМР'!M19 -> 10043966 | Q7: =P7/E7 -> 0.35673708 | R7: ='контракты СМР'!O19 -> 6690218.7 | S7: =R7/E7 -> 0.23762018 | T7: ='контракты СМР'!S19 -> 1208300.2 | U7: ='контракты СМР'!V19 -> 4518278.9 | V7: ='контракты СМР'!AA19 -> 1999150.4 | W7: ='контракты СМР'!AB19 -> 701982.45
B8: =#REF!-#REF!-#REF!-#REF! -> #REF! | C8: 4 | D8: ВИС | E8: ='контракты СМР'!D59 -> 21008610 | F8: 5 | J8: ='контракты СМР'!F59 -> 5430575.1 | K8: =J8/E8 -> 0.25849283 | L8: ='контракты СМР'!H59 -> 4966757 | M8: 0.71798305 | N8: ='контракты СМР'!K59 -> 4590067 | O8: 0.92364906 | P8: ='контракты СМР'!M59 -> 5227494.5 | Q8: 0.24192331 | R8: ='контракты СМР'!O59 -> 634328.91 | S8: 0.029543135 | T8: ='контракты СМР'!S59 -> 1213622.1 | U8: ='контракты СМР'!V59 -> 1616592.3 | V8: ='контракты СМР'!AA59 -> 1284331.5 | W8: ='контракты СМР'!AB59 -> 2041839.8
B9: =#REF!-#REF!-#REF!-#REF! -> #REF! | C9: 5 | D9: Сибагро | E9: ='контракты СМР'!D34 -> 18443317 | F9: 3 | J9: ='контракты СМР'!F34 -> 6085839.2 | K9: =J9/E9 -> 0.32997531 | L9: ='контракты СМР'!H34 -> 4898579.6 | M9: 0.90841533 | N9: ='контракты СМР'!K34 -> 282294.54 | O9: 0.098553039 | P9: ='контракты СМР'!M34 -> 17825341 | Q9: 0.96320184 | R9: ='контракты СМР'!O34 -> 17543900 | S9: 0.93777299 | T9: ='контракты СМР'!S34 -> 567665.18 | U9: ='контракты СМР'!V34 -> 601465.95 | V9: ='контракты СМР'!AA34 -> 0 | W9: ='контракты СМР'!AB34 -> 0
B10: =#REF!-#REF!-#REF!-#REF! -> #REF! | C10: 6 | D10: МСУ | E10: ='контракты СМР'!D66 -> 11014191 | F10: 8 | J10: ='контракты СМР'!F66 -> 3935402.2 | K10: =J10/E10 -> 0.35730289 | L10: ='контракты СМР'!H66 -> 2298714.5 | M10: 0.75176854 | N10: ='контракты СМР'!K66 -> 1940771.2 | O10: 1 | P10: ='контракты СМР'!M66 -> 1940771.2 | Q10: 0.1568977 | R10: ='контракты СМР'!O66 -> 0 | S10: 0 | T10: ='контракты СМР'!S66 -> 817629.38 | U10: ='контракты СМР'!V66 -> 1052629.4 | V10: ='контракты СМР'!AA66 -> 2088023.6 | W10: ='контракты СМР'!AB66 -> 1648023.6
B11: =#REF!-#REF!-#REF!-#REF! -> #REF! | C11: 7 | D11: Орион | E11: ='контракты СМР'!D111 -> 7283697.7 | F11: 3 | J11: ='контракты СМР'!F111 -> 934465.5 | K11: =J11/E11 -> 0.12829548 | L11: ='контракты СМР'!H111 -> 118232.85 | M11: 0.048172465 | N11: ='контракты СМР'!K111 -> 118232.85 | O11: 1 | P11: ='контракты СМР'!M111 -> 118232.85 | Q11: 0.0061803096 | R11: ='контракты СМР'!O111 -> 0 | S11: 0 | T11: ='контракты СМР'!S111 -> 1496211.3 | U11: ='контракты СМР'!V111 -> 2034560.6 | V11: ='контракты СМР'!AA111 -> 5523664.1 | W11: ='контракты СМР'!AB111 -> 5067170.6
B12: =#REF!-#REF!-#REF!-#REF! -> #REF! | C12: 8 | D12: Роуд Групп | E12: ='контракты СМР'!D27 -> 5882577.9 | F12: 6 | J12: ='контракты СМР'!F27 -> 2245038.3 | K12: =J12/E12 -> 0.38164191 | L12: ='контракты СМР'!H27 -> 1138170.2 | M12: =L12/J12 -> 0.50697142 | N12: ='контракты СМР'!K27 -> 384563.52 | O12: =N12/L12 -> 0.33787874 | P12: ='контракты СМР'!M27 -> 2256412.5 | Q12: =P12/E12 -> 0.38357546 | R12: ='контракты СМР'!O27 -> 2010302.3 | S12: =R12/E12 -> 0.34173833 | T12: ='контракты СМР'!S27 -> 246305.23 | U12: ='контракты СМР'!V27 -> 1173496.4 | V12: ='контракты СМР'!AA27 -> 1043005.5 | W12: ='контракты СМР'!AB27 -> 1509448.3
B13: =#REF!-#REF!-#REF!-#REF! -> #REF! | C13: 9 | D13: ЕКС | E13: ='контракты СМР'!D99 -> 4325702.8 | F13: 2 | J13: ='контракты СМР'!F99 -> 1297710.9 | K13: =J13/E13 -> 0.3 | L13: ='контракты СМР'!H99 -> 69561.057 | M13: 0.053602894 | N13: ='контракты СМР'!K99 -> 109311.05 | O13: 1 | P13: ='контракты СМР'!M99 -> 109311.05 | Q13: 0.016080868 | R13: ='контракты СМР'!O99 -> 0 | S13: 0 | T13: ='контракты СМР'!S99 -> 1176000.3 | U13: ='контракты СМР'!V99 -> 277309.13 | V13: ='контракты СМР'!AA99 -> 1959813.1 | W13: ='контракты СМР'!AB99 -> 1084792.2
B14: =#REF!-#REF!-#REF!-#REF! -> #REF! | C14: 10 | D14: Стройком | E14: ='контракты СМР'!D37 -> 3951124.7 | F14: 2 | J14: ='контракты СМР'!F37 -> 1185337.4 | K14: =J14/E14 -> 0.3 | L14: ='контракты СМР'!H37 -> 1175636.8 | M14: 0.99198913 | N14: ='контракты СМР'!K37 -> 40039.59 | O14: 0.03405185 | P14: ='контракты СМР'!M37 -> 3903059.9 | Q14: 0.97248866 | R14: ='контракты СМР'!O37 -> 3903059.9 | S14: 0.95827439 | T14: ='контракты СМР'!S37 -> 51076.039 | U14: ='контракты СМР'!V37 -> 108700.75 | V14: ='контракты СМР'!AA37 -> 0 | W14: ='контракты СМР'!AB37 -> 0
B15: =#REF!-#REF!-#REF!-#REF! -> #REF! | C15: 11 | D15: Руслан-1 | E15: ='контракты СМР'!D75 -> 3941898.9 | F15: 4 | J15: ='контракты СМР'!F75 -> 1564261.8 | K15: =J15/E15 -> 0.3968295 | L15: ='контракты СМР'!H75 -> 847503.11 | M15: 0.25593753 | N15: ='контракты СМР'!K75 -> 715667.16 | O15: 0.86091345 | P15: ='контракты СМР'!M75 -> 1152588.4 | Q15: 0.19364743 | R15: ='контракты СМР'!O75 -> 436921.23 | S15: 0.07224967 | T15: ='контракты СМР'!S75 -> 1346519.2 | U15: ='контракты СМР'!V75 -> 1063046.5 | V15: ='контракты СМР'!AA75 -> 1679515.7 | W15: ='контракты СМР'!AB75 -> 1417490.4
B16: =#REF!-#REF!-#REF!-#REF! -> #REF! | C16: 12 | D16: Энергия Ом | E16: ='контракты СМР'!D121 -> 3523860.8 | F16: 2 | J16: ='контракты СМР'!F121 -> 1506496.2 | K16: =J16/E16 -> 0.42751298 | L16: ='контракты СМР'!H121 -> 1506496.2 | M16: 1 | N16: ='контракты СМР'!K121 -> 1167290.2 | O16: 0.82859127 | P16: ='контракты СМР'!M121 -> 2297977.1 | Q16: 0.62997059 | R16: ='контракты СМР'!O121 -> 1130686.9 | S16: 0.27573707 | T16: ='контракты СМР'!S121 -> 1233345 | U16: ='контракты СМР'!V121 -> 266475.13 | V16: ='контракты СМР'!AA121 -> 0 | W16: ='контракты СМР'!AB121 -> 1037457
B17: =#REF!-#REF!-#REF!-#REF! -> #REF! | C17: 13 | D17: Мостэнергострой | E17: ='контракты СМР'!D127 -> 3210785.6 | F17: 3 | J17: ='контракты СМР'!F127 -> 530085.5 | K17: =J17/E17 -> 0.16509527 | L17: ='контракты СМР'!H127 -> 530085.5 | M17: =L17/J17 -> 1 | N17: ='контракты СМР'!K127 -> 530085.5 | O17: =N17/L17 -> 1 | P17: ='контракты СМР'!M127 -> 530085.5 | Q17: =P17/E17 -> 0.16509527 | R17: ='контракты СМР'!O127 -> 0 | S17: =R17/E17 -> 0 | T17: ='контракты СМР'!S127 -> 1504762.8 | U17: ='контракты СМР'!V127 -> 1081569.6 | V17: ='контракты СМР'!AA127 -> 1434611.8 | W17: ='контракты СМР'!AB127 -> 1857805
B18: =#REF!-#REF!-#REF!-#REF! -> #REF! | C18: 14 | D18: Белый Раст | E18: ='контракты СМР'!D80 -> 2758579.7 | F18: 7 | J18: ='контракты СМР'!F80 -> 943598.32 | K18: =J18/E18 -> 0.34205947 | L18: ='контракты СМР'!H80 -> 477240.54 | M18: 0.55120653 | N18: ='контракты СМР'!K80 -> 271447.51 | O18: 0.74792709 | P18: ='контракты СМР'!M80 -> 899233.41 | Q18: 0.26166779 | R18: ='контракты СМР'!O80 -> 627785.9 | S18: 0.14707185 | T18: ='контракты СМР'!S80 -> 518393.73 | U18: ='контракты СМР'!V80 -> 750761.35 | V18: ='контракты СМР'!AA80 -> 1252645.9 | W18: ='контракты СМР'!AB80 -> 802725.89
B19: =#REF!-#REF!-#REF!-#REF! -> #REF! | C19: 15 | D19: Магистраль | E19: ='контракты СМР'!D105 -> 2464867.7 | F19: 5 | J19: ='контракты СМР'!F105 -> 738575.32 | K19: =J19/E19 -> 0.29964096 | L19: ='контракты СМР'!H105 -> 353064.49 | M19: 0.26612516 | N19: ='контракты СМР'!K105 -> 291525.88 | O19: 0.92572251 | P19: ='контракты СМР'!M105 -> 514788.78 | Q19: 0.093542275 | R19: ='контракты СМР'!O105 -> 223262.91 | S19: 0.019739203 | T19: ='контракты СМР'!S105 -> 278608.06 | U19: ='контракты СМР'!V105 -> 454711.57 | V19: ='контракты СМР'!AA105 -> 364387.28 | W19: ='контракты СМР'!AB105 -> 573157.45
B20: =#REF!-#REF!-#REF!-#REF! -> #REF! | C20: 16 | D20: Автобан | E20: ='контракты СМР'!D124 -> 1909798.3 | F20: 2 | J20: ='контракты СМР'!F124 -> 572939.5 | K20: =J20/E20 -> 0.3 | L20: ='контракты СМР'!H124 -> 559828.49 | M20: 0.97711623 | N20: ='контракты СМР'!K124 -> 520000 | O20: 0.92885591 | P20: ='контракты СМР'!M124 -> 638651.91 | Q20: 0.33440804 | R20: ='контракты СМР'!O124 -> 118651.91 | S20: 0.062127978 | T20: ='контракты СМР'!S124 -> 37000 | U20: ='контракты СМР'!V124 -> 25000 | V20: ='контракты СМР'!AA124 -> 90000 | W20: ='контракты СМР'!AB124 -> 90000
B21: =#REF!-#REF!-#REF!-#REF! -> #REF! | C21: 17 | D21: Забдорстрой | E21: ='контракты СМР'!D102 -> 780267.05 | F21: 3 | J21: ='контракты СМР'!F102 -> 292322.36 | K21: =J21/E21 -> 0.37464398 | L21: ='контракты СМР'!H102 -> 210605.6 | M21: 0.77937784 | N21: ='контракты СМР'!K102 -> 136750.56 | O21: 0.78927061 | P21: ='контракты СМР'!M102 -> 273176.26 | Q21: 0.33241137 | R21: ='контракты СМР'!O102 -> 136425.7 | S21: 0.12884915 | T21: ='контракты СМР'!S102 -> 151485.56 | U21: ='контракты СМР'!V102 -> 225521.29 | V21: ='контракты СМР'!AA102 -> 193074.45 | W21: ='контракты СМР'!AB102 -> 80000
B22: =#REF!-#REF!-#REF!-#REF! -> #REF! | C22: 18 | D22: Инжиниринг Групп | E22: ='контракты СМР'!D97 -> 788938.2 | F22: 1 | J22: ='контракты СМР'!F97 -> 556090.38 | K22: =J22/E22 -> 0.70485924 | L22: ='контракты СМР'!H97 -> 22000.005 | M22: 0.039561923 | N22: ='контракты СМР'!K97 -> 22000.005 | O22: 1 | P22: ='контракты СМР'!M97 -> 22000.005 | Q22: 0.019780962 | R22: ='контракты СМР'!O97 -> 0 | S22: 0 | T22: ='контракты СМР'!S97 -> 530000 | U22: ='контракты СМР'!V97 -> 77450.194 | V22: ='контракты СМР'!AA97 -> 538180.76 | W22: ='контракты СМР'!AB97 -> 689488.01
B23: =#REF!-#REF!-#REF!-#REF! -> #REF! | C23: 19 | D23: Барстт | E23: ='контракты СМР'!D88 -> 653212.29 | F23: 2 | J23: ='контракты СМР'!F88 -> 95527.699 | K23: =J23/E23 -> 0.14624296 | L23: ='контракты СМР'!H88 -> 95527.7 | M23: 1 | N23: ='контракты СМР'!K88 -> 62763.383 | O23: 0.65701763 | P23: ='контракты СМР'!M88 -> 183344.26 | Q23: 0.28068097 | R23: ='контракты СМР'!O88 -> 120580.87 | S23: 0.18459676 | T23: ='контракты СМР'!S88 -> 383887.89 | U23: ='контракты СМР'!V88 -> 184048.87 | V23: ='контракты СМР'!AA88 -> 0 | W23: ='контракты СМР'!AB88 -> 285819.16
B24: =#REF!-#REF!-#REF!-#REF! -> #REF! | C24: 20 | D24: Силич | E24: ='контракты СМР'!D91 -> 526938.58 | F24: 1 | J24: ='контракты СМР'!F91 -> 247661.13 | K24: =J24/E24 -> 0.47 | L24: ='контракты СМР'!H91 -> 246866.75 | M24: 0.99679247 | N24: ='контракты СМР'!K91 -> 76549.001 | O24: 0.31008226 | P24: ='контракты СМР'!M91 -> 449875.03 | Q24: 0.85375232 | R24: ='контракты СМР'!O91 -> 373326.03 | S24: 0.70848111 | T24: ='контракты СМР'!S91 -> 77063.546 | U24: ='контракты СМР'!V91 -> 77063.546 | V24: ='контракты СМР'!AA91 -> 0 | W24: ='контракты СМР'!AB91 -> 0
B25: =#REF!-#REF!-#REF!-#REF! -> #REF! | C25: 21 | D25: Антарес С | E25: ='контракты СМР'!D93 -> 522435.25 | F25: 1 | J25: ='контракты СМР'!F93 -> 156730.58 | K25: =J25/E25 -> 0.3 | L25: ='контракты СМР'!H93 -> 156730.58 | M25: 0.47096753 | N25: ='контракты СМР'!K93 -> 126425.81 | O25: 0.83553677 | P25: ='контракты СМР'!M93 -> 225300.35 | Q25: 0.19141128 | R25: ='контракты СМР'!O93 -> 98847.542 | S25: 0.073358073 | T25: ='контракты СМР'!S93 -> 422435.25 | U25: ='контракты СМР'!V93 -> 272938.79 | V25: ='контракты СМР'!AA93 -> 0 | W25: ='контракты СМР'!AB93 -> 149496.46
B26: =#REF!-#REF!-#REF!-#REF! -> #REF! | C26: 22 | D26: Строй НЭС АБ | E26: ='контракты СМР'!D117 -> 358961.55 | F26: 1 | J26: ='контракты СМР'!F117 -> 110286.32 | K26: ='контракты СМР'!G117 -> 0.3 | L26: ='контракты СМР'!H117 -> 110286.32 | M26: 1.0241238 | N26: ='контракты СМР'!K117 -> 29939.288 | O26: 0.27146875 | P26: ='контракты СМР'!M117 -> 288514.14 | Q26: 0.80374664 | R26: ='контракты СМР'!O117 -> 258574.85 | S26: 0.72034135 | T26: ='контракты СМР'!S117 -> 63483.887 | U26: ='контракты СМР'!V117 -> 70447.412 | V26: ='контракты СМР'!AA117 -> 0 | W26: ='контракты СМР'!AB117 -> 0
B27: =#REF!-#REF!-#REF!-#REF! -> #REF! | C27: 23 | D27: Еврострой | E27: ='контракты СМР'!D95 -> 274979.45 | F27: 1 | J27: ='контракты СМР'!F95 -> 137489.72 | K27: =J27/E27 -> 0.5 | L27: ='контракты СМР'!H95 -> 7581.544 | M27: 0.055142624 | N27: ='контракты СМР'!K95 -> 7581.544 | O27: 1 | P27: ='контракты СМР'!M95 -> 7581.544 | Q27: 0.027571312 | R27: ='контракты СМР'!O95 -> 0 | S27: 0 | T27: ='контракты СМР'!S95 -> 87581.544 | U27: ='контракты СМР'!V95 -> 71581.544 | V27: ='контракты СМР'!AA95 -> 179816.36 | W27: ='контракты СМР'!AB95 -> 195816.36
B28: =#REF!-#REF!-#REF!-#REF! -> #REF! | C28: 24 | D28: Пелискер | E28: ='контракты СМР'!D119 -> 223239.46 | F28: 1 | J28: ='контракты СМР'!F119 -> 111767.8 | K28: =J28/E28 -> 0.50066328 | L28: ='контракты СМР'!H119 -> 108880.62 | M28: 0.97416803 | N28: ='контракты СМР'!K119 -> 108880.62 | O28: 1 | P28: ='контракты СМР'!M119 -> 118636.62 | Q28: 0.48773016 | R28: ='контракты СМР'!O119 -> 19808.131 | S28: 0 | T28: ='контракты СМР'!S119 -> 94805.289 | U28: ='контракты СМР'!V119 -> 114358.84 | V28: ='контракты СМР'!AA119 -> 0 | W28: ='контракты СМР'!AB119 -> 0
B29: =#REF!-#REF!-#REF!-#REF! -> #REF! | C29: 25 | D29: Автобаза Ильинское | E29: ='контракты СМР'!D115 -> 188607.68 | F29: 1 | J29: ='контракты СМР'!F115 -> 54344.158 | K29: =J29/E29 -> 0.28813332 | L29: ='контракты СМР'!H115 -> 54344.158 | M29: =L29/J29 -> 1 | N29: ='контракты СМР'!K115 -> 0 | O29: =N29/L29 -> 0 | P29: ='контракты СМР'!M115 -> 182870.79 | Q29: =P29/E29 -> 0.96958295 | R29: ='контракты СМР'!O115 -> 183645.59 | S29: =R29/E29 -> 0.97369093 | T29: ='контракты СМР'!S115 -> 114943.61 | U29: ='контракты СМР'!V115 -> 109985.86 | V29: ='контракты СМР'!AA115 -> 0 | W29: ='контракты СМР'!AB116 -> 4957.755
B30: =#REF!-#REF!-#REF!-#REF! -> #REF! | C30: 26 | D30: РТС | E30: ='контракты СМР'!D131 -> 24080.922 | F30: 1 | G30: 1 | H30: 1 | I30: 1 | J30: ='контракты СМР'!F131 -> 12044.461 | K30: =J30/E30 -> 0.50016611 | L30: ='контракты СМР'!H131 -> 12040.461 | M30: =L30/J30 -> 0.9996679 | N30: ='контракты СМР'!K131 -> 12040.461 | O30: =N30/L30 -> 1 | P30: ='контракты СМР'!M131 -> 12044.461 | Q30: =P30/E30 -> 0.50016611 | R30: ='контракты СМР'!O131 -> 0 | S30: =R30/E30 -> 0 | U30: ='контракты СМР'!V131 -> 24080.922 | W30: ='контракты СМР'!AB131 -> 0
C31: 27 | D31: Автодороги | E31: ='контракты СМР'!D133 -> 620448.09 | F31: 1 | G31: 1 | H31: 1 | I31: 1 | J31: ='контракты СМР'!F133 -> 186134.43 | K31: =J31/E31 -> 0.3 | L31: ='контракты СМР'!H133 -> 7161.5879 | M31: =L31/J31 -> 0.038475354 | N31: ='контракты СМР'!K133 -> 7161.5879 | O31: =N31/L31 -> 1 | P31: ='контракты СМР'!M133 -> 7161.5879 | Q31: =P31/E31 -> 0.011542606 | R31: ='контракты СМР'!O133 -> 0 | S31: =R31/E31 -> 0 | U31: ='контракты СМР'!V133 -> 23871.96 | W31: ='контракты СМР'!AB133 -> 100000
B32: =#REF!-#REF!-#REF!-#REF! -> #REF! | C32: 28 | D32: ВТМ Дорпроект | E32: ='контракты СМР'!D135 -> 89183.073 | F32: 1 | G32: 1 | H32: 1 | I32: 1 | J32: ='контракты СМР'!F135 -> 44591.536 | K32: =J32/E32 -> 0.5 | L32: ='контракты СМР'!H135 -> 44591.536 | M32: =L32/J32 -> 1 | N32: ='контракты СМР'!K135 -> 44591.536 | O32: 0 | P32: ='контракты СМР'!M135 -> 44591.536 | Q32: =P32/E32 -> 0.5 | R32: ='контракты СМР'!O135 -> 0 | S32: =R32/E32 -> 0 | U32: ='контракты СМР'!V135 -> 44591.536 | W32: ='контракты СМР'!AB135 -> 44591.536
B33: =#REF!-#REF!-#REF!-#REF! -> #REF!
B34: =#REF!-#REF!-#REF!-#REF! -> #REF!
B35: =#REF!-#REF!-#REF!-#REF! -> #REF!
B36: =#REF!-#REF!-#REF!-#REF! -> #REF!
B37: =#REF!-#REF!-#REF!-#REF! -> #REF!
B38: =#REF!-#REF!-#REF!-#REF! -> #REF!
B39: =#REF!-#REF!-#REF!-#REF! -> #REF!
B40: =#REF!-#REF!-#REF!-#REF! -> #REF!
B41: =#REF!-#REF!-#REF!-#REF! -> #REF!
B42: =#REF!-#REF!-#REF!-#REF! -> #REF!
B43: =#REF!-#REF!-#REF!-#REF! -> #REF!
B46: =#REF!-#REF!-#REF!-#REF! -> #REF!
... B122: =#REF!-#REF!-#REF!-#REF! -> #REF!

Sheet контракты СМР
A1: № п/п | C1: Контракт № | D1: Стоимость ГК | E1: ВР | F1: Аванс по ГК | G1: % аванса по ГК | H1: Выданный Аванс | I1: % выдан-го аванса | J1: Выданный аванс за 2025 | K1: Неотраб-ый аванс | L1: % нетработ-ого аванса | M1: Оплачено ВСЕГО | N1: % оплаты | O1: Выполнено ВСЕГО | P1: % вып-ния | Q1: Выполнено в 2025 | R1: Оплачено в 2025 | S1: Лимит 2026 было | T1: Лимит ВСЕГО по объекту 2026 | U1: лимит изъятия 2026 | V1: лимит контракта СМР 2026 текущий | W1: секвс-ние 2026 | X1: Оплачено 2026 | Y1: в т.ч. Аванс | Z1: Остаток финан-ния на 2026 | AA1: Лимит 2027 было | AB1: Лимит контракта 2027 текущий | AC1: Лимит объекта 2027 | AD1: Лимит контракта 2028 текущий | AE1: Лимит объекта 2028 | AF1: Лимит контракта 2029 текущий | AG1: Лимит объекта 2029 | AH1: % СГ | AI1: % изъятия | AJ1: ППТ | AK1: Плановый срок ввода по ГП | AL1: Плановый срок открытия | AM1: Срок контракта
B2: ВСЕГО | D2: =D4+D19+D27+D34+D37+D41+D49+D59+D66+D75+D80+D88+D91+D93+D95+D97+D99+D102+D105+D111+D115+D117+D119+D121+D124+D127 -> 2.4037403e+08 | F2: =F4+F19+F27+F34+F37+F41+F49+F59+F66+F75+F80+F88+F91+F93+F95+F97+F99+F102+F105+F111+F115+F117+F119+F121+F124+F127 -> 92388050 | G2: =F2/D2 -> 0.38435121 | H2: =H4+H19+H27+H34+H37+H41+H49+H59+H66+H75+H80+H88+H91+H93+H95+H97+H99+H102+H105+H111+H115+H117+H119+H121+H124+H127 -> 74815352 | I2: =H2/F2 -> 0.80979469 | J2: =J4+J19+J27+J34+J37+J41+J49+J59+J66+J75+J80+J88+J91+J93+J95+J97+J99+J102+J105+J111+J115+J117+J119+J121+J124+J127 -> 27202711 | K2: =K4+K19+K27+K34+K37+K41+K49+K59+K66+K75+K80+K88+K91+K93+K95+K97+K99+K102+K105+K111+K115+K117+K119+K121+K124+K127 -> 44775172 | L2: =K2/H2 -> 0.59847573 | M2: =M4+M19+M27+M34+M37+M41+M49+M59+M66+M75+M80+M88+M91+M93+M95+M97+M99+M102+M105+M111+M115+M117+M119+M121+M124+M127 -> 1.1790249e+08 | N2: =M2/D2 -> 0.49049597 | O2: =O4+O19+O27+O34+O37+O41+O49+O59+O66+O75+O80+O88+O91+O93+O95+O97+O99+O102+O105+O111+O115+O117+O119+O121+O124+O127 -> 73314369 | P2: =O2/D2 -> 0.30500121 | Q2: =Q4+Q19+Q27+Q34+Q37+Q41+Q49+Q59+Q66+Q75+Q80+Q88+Q91+Q93+Q95+Q97+Q99+Q102+Q105+Q111+Q115+Q117+Q119+Q121+Q124+Q127 -> 23095411 | R2: =R4+R19+R27+R34+R37+R41+R49+R59+R66+R75+R80+R88+R91+R93+R95+R97+R99+R102+R105+R111+R115+R117+R119+R121+R124+R127 -> 35539295 | S2: =S4+S19+S27+S34+S37+S41+S49+S59+S66+S75+S80+S88+S91+S93+S95+S97+S99+S102+S105+S111+S115+S117+S119+S121+S124+S127 -> 17919910 | T2: =T4+T19+T27+T34+T37+T41+T49+T59+T66+T75+T80+T88+T91+T93+T95+T97+T99+T102+T105+T111+T115+T117+T119+T121+T124+T127 -> 36142151 | U2: =U4+U19+U27+U34+U37+U41+U49+U59+U66+U75+U80+U88+U91+U93+U95+U97+U99+U102+U105+U111+U115+U117+U119+U121+U124+U127 -> 1838877.1 | V2: =V4+V19+V27+V34+V37+V41+V49+V59+V66+V75+V80+V88+V91+V93+V95+V97+V99+V102+V105+V111+V115+V117+V119+V121+V124+V127 -> 28104576 | W2: =W4+W19+W27+W34+W37+W41+W49+W59+W66+W75+W80+W88+W91+W93+W95+W97+W99+W102+W105+W111+W115+W117+W119+W121+W124+W127 -> 4608000 | X2: =X4+X19+X27+X34+X37+X41+X49+X59+X66+X75+X80+X88+X91+X93+X95+X97+X99+X102+X105+X111+X115+X117+X119+X121+X124+X127 -> 8077446.2 | ... AG2: =AG4+AG19+AG27+AG34+AG37+AG41+AG49+AG59+AG66+AG75+AG80+AG88+AG91+AG93+AG95+AG97+AG99+AG102+AG105+AG111+AG115+AG117+AG119+AG121+AG124+AG127 -> 65537536
B4: СТГ | D4: =SUM(D5:D18) -> 61044205 | F4: =SUM(F5:F18) -> 29414196 | G4: =F4/D4 -> 0.48185076 | H4: =SUM(H5:H18) -> 26798060 | I4: =H4/F4 -> 0.91105873 | J4: =SUM(J5:J18) -> 7986047.3 | K4: =SUM(K5:K18) -> 15244604 | L4: =K4/H4 -> 0.5688697 | M4: =SUM(M5:M18) -> 37836048 | N4: =M4/D4 -> 0.61981392 | O4: =SUM(O5:O18) -> 22591444 | P4: =O4/D4 -> 0.37008335 | Q4: =SUM(Q5:Q18) -> 4116915.7 | R4: =SUM(R5:R18) -> 9308624.8 | S4: =SUM(S12:S18) -> 1767022.6 | T4: =SUM(T5:T18) -> 6978461 | U4: =SUM(U5:U18) -> 222139.46 | V4: =SUM(V5:V18) -> 5655417.6 | W4: =SUM(W5:W18) -> 1631000 | X4: =SUM(X5:X18) -> 0 | Y4: =SUM(Y5:Y18) -> 0 | Z4: =SUM(Z5:Z18) -> 5655417.6 | AA4: =SUM(AA12:AA18) -> 4026813.6 | AB4: =SUM(AB5:AB18) -> 5016070.6 | AC4: =SUM(AC5:AC18) -> 7789056 | AD4: =SUM(AD5:AD18) -> 9865694.6 | AE4: =SUM(AE5:AE18) -> 13405777 | AF4: =SUM(AF5:AF18) -> 2670974 | AG4: =SUM(AG5:AG18) -> 7190395.9
A5: 1 | B5: Строительство автомобильной дороги МКАД - аэропорт Домодедово - Коробово в Ленинском городском округе Московской области | C5: 46289 | D5: 2197700.2 | E5: СМР+ПИР | F5: 697849.43 | G5: =F5/D5 -> 0.31753622 | H5: 692477.6 | I5: =H5/F5 -> 0.99230231 | J5: 0 | K5: 651260.97 | L5: =K5/H5 -> 0.94047947 | M5: 777894.38 | N5: =M5/D5 -> 0.35395837 | O5: 126633.41 | P5: =O5/D5 -> 0.057620877 | Q5: 126633.41 | R5: 85416.783 | S5: 98000 | T5: 253000 | V5: 250000 | Z5: =V5-X5 -> 250000 | AA5: 1252805.8 | AB5: 250000 | AC5: 280000 | AD5: 919805.84 | AE5: 1467255.4 | AG5: 67000 | AH5: 0.01 | AI5: 1 | AJ5: да | AK5: 47114 | AL5: 46557 | AM5: 46783 | AN5: =D5-M5-Z5-AB5-AD5-AF5 -> 0.0009499999
A6: 2 | B6: Опалиха | C6: 25-95 | D6: 1704671.5 | E6: СМР | F6: 852335.72 | G6: =F6/D6 -> 0.5 | H6: 569565.68 | I6: =H6/F6 -> 0.668241 | J6: 569565.68 | K6: 569565.68 | L6: =K6/H6 -> 1 | M6: 569565.68 | N6: =M6/D6 -> 0.3341205 | O6: 0 | P6: =O6/D6 -> 0 | Q6: 0 | R6: 569565.68 | S6: 1153563.8 | T6: 1154172.7 | V6: 1135105.8 | Z6: =V6-X6 -> 1135105.8 | AA6: 0 | AC6: 204000 | AH6: 0.4 | AI6: 1 | AJ6: да | AK6: 46752 | AL6: 46356 | AM6: 46405 | AN6: =D6-M6-Z6-AB6-AD6-AF6 -> -0.00015000021
A7: 3 | B7: Апрелевка | C7: 25-127 | D7: 3312365.1 | E7: СМР+ПИР | F7: 1656182.6 | G7: =F7/D7 -> 0.5 | H7: 861244.23 | I7: =H7/F7 -> 0.52001769 | J7: 861244.23 | K7: 861244.23 | L7: =K7/H7 -> 1 | M7: 861244.23 | N7: =M7/D7 -> 0.26000885 | O7: 0 | P7: =O7/D7 -> 0 | Q7: 0 | R7: 861244.23 | S7: 1929582.3 | T7: 2112884.3 | U7: 7053.08 | V7: 1969243.8 | Z7: =V7-X7 -> 1969243.8 | AA7: 0 | AB7: 481877.07 | AC7: 493498.05 | AH7: 0.45 | AI7: 0.97 | AJ7: да | AK7: 46752 | AL7: 46356 | AM7: 46492 | AN7: =D7-M7-Z7-AB7-AD7-AF7 -> -0.00031999976
A8: 4 | B8: Реконструкция Каширского шоссе на участке км 0- км 4,4 в Ленинском районе | C8: 22-52 | D8: 19683924 | E8: СМР+ПИР | F8: 10641056 | G8: =F8/D8 -> 0.5405963 | H8: 10557472 | I8: =H8/F8 -> 0.99214509 | J8: 5859350.9 | K8: 9025483.4 | L8: =K8/H8 -> 0.8548906 | M8: =12893597.40074-600000 -> 12293597 | N8: =M8/D8 -> 0.62455015 | O8: 3268114 | P8: =O8/D8 -> 0.1660296 | Q8: 2900772.6 | R8: 6634819 | S8: 847116.61 | T8: 905382.74 | V8: =250000+47116.61206 -> 297116.61 | Z8: =V8-X8 -> 297116.61 | AA8: 550000 | AB8: 400000 | AC8: 1827282 | AD8: 5500000 | AE8: 7107430.8 | AF8: 1193209.6 | AG8: 2898778.1 | AH8: 0.47 | AI8: 0.95 | AJ8: да | AK8: 47479 | AL8: 45049 | AM8: 46783 | AN8: =D8-M8-Z8-AB8-AD8-AF8 -> 0.00027000206
A9: 5 | B9: Реконструкция Октябрьского проспекта в г.Люберцы на участке граница г.Москвы-Егорьевское шоссе. 1 этап. От ул. Власова до путепровода через ж/д | C9: 19-14 | D9: 5268439.8 | E9: СМР | F9: 3687907.8 | G9: =F9/D9 -> 0.7 | H9: 3687907.8 | I9: =H9/F9 -> 1 | J9: 0 | K9: 1290259.7 | L9: =K9/H9 -> 0.34986223 | M9: 4840476.6 | N9: =M9/D9 -> 0.91876853 | O9: 3550217 | P9: =O9/D9 -> 0.67386497 | Q9: 175525.59 | R9: 43489.273 | S9: 372452.4 | T9: 429471.84 | V9: 427963.13 | W9: 184000 | Z9: =V9-X9 -> 427963.13 | AA9: 0 | AC9: 372000 | AH9: 0.91 | AI9: 1 | AJ9: да | AK9: 46748 | AL9: 45176 | AM9: 46112 | AN9: =D9-M9-Z9-AB9-AD9-AF9 -> -0.00032000028
A10: 6 | B10: Реконструкция автомобильной дороги «Лобня-аэропорт Шереметьево» | C10: 19-111 | D10: 4600055.4 | E10: СМР | F10: 2300027.7 | G10: =F10/D10 -> 0.5 | H10: 2500000 | I10: =H10/F10 -> 1.0869434 | J10: 236888.43 | K10: 659826.81 | L10: =K10/H10 -> 0.26393073 | M10: 4090706.2 | N10: =M10/D10 -> 0.88927325 | O10: 3430879.4 | P10: =O10/D10 -> 0.74583437 | Q10: 464795.38 | R10: 464702.32 | S10: 343051.48 | T10: 307359.81 | V10: 269933 | Z10: =V10-X10 -> 269933 | AA10: 0 | AB10: 239416.16 | AC10: 250000 | AE10: 16 | AH10: 0.97 | AI10: 1 | AJ10: да | AK10: 47114 | AL10: 44925 | AM10: 46052 | AN10: =D10-M10-Z10-AB10-AD10-AF10 -> 0.00024000034
A11: 7 | B11: Реконструкция автомобильной дороги г.Жуковский, ул.Туполева | C11: Ф.2018.322600 | D11: 7955408.6 | E11: СМР | F11: 4664989.5 | G11: =F11/D11 -> 0.58639219 | H11: 4664989.5 | I11: =H11/F11 -> 1 | J11: 0 | K11: 458746.29 | L11: =K11/H11 -> 0.09833812 | M11: 7677586.3 | N11: =M11/D11 -> 0.96507756 | O11: 7218840 | P11: =O11/D11 -> 0.90741286 | Q11: 405053.62 | R11: 148897.71 | S11: 196719.96 | T11: 285775.41 | V11: 277822.25 | Z11: =V11-X11 -> 277822.25 | AA11: 0 | AC11: 41000 | AH11: 0.98 | AI11: 1 | AJ11: да | AK11: 46748 | AL11: 44916 | AM11: 46112 | AN11: =D11-M11-Z11-AB11-AD11-AF11 -> -4.0745363e-10
A12: 8 | B12: Строительство автомобильной дороги на участке Рублевский проезд - «Новый выход на МКАД с федеральной автомобильной дороги М-1 «Беларусь» Москва - Минск» | C12: 19-19 | D12: 2526555.6 | E12: СМР | F12: 731439.61 | G12: =F12/D12 -> 0.2895007 | H12: 731439.61 | I12: =H12/F12 -> 1 | J12: 0 | K12: 35399.647 | L12: =K12/H12 -> 0.048397224 | M12: 2153709.1 | N12: =M12/D12 -> 0.85242896 | O12: 2118309.5 | P12: =O12/D12 -> 0.83841792 | Q12: 0 | R12: 0 | S12: 364096.44 | T12: 100000 | V12: 98711.06 | Z12: =V12-X12 -> 98711.06 | AA12: 0 | AB12: 274135.39 | AC12: 274135.39 | AH12: движение запущено | AI12: 1 | AJ12: да | AK12: 46748 | AL12: 44195 | AM12: 46053 | AN12: =D12-M12-Z12-AB12-AD12-AF12 -> 0.00050000002
A13: 9 | B13: Строительство транспортной развязки на пересечении автомобильной дороги М-10 «Россия» и улицы Репина в городе Химки Московской области | C13: 19-110 | D13: 2800488 | E13: СМР | F13: 840146.39 | G13: =F13/D13 -> 0.3 | H13: 840146.39 | I13: =H13/F13 -> 1 | J13: 0 | K13: 0 | L13: =K13/H13 -> 0 | M13: 2585570.3 | N13: =M13/D13 -> 0.92325705 | O13: 2585570.3 | P13: =O13/D13 -> 0.92325705 | Q13: 44135.062 | R13: 41491.784 | S13: 214707.34 | T13: 218958.67 | V13: 214917.7 | Z13: =V13-X13 -> 214917.7 | AA13: 0 | AB13: 0 | AH13: движение запущено | AI13: 1 | AJ13: да | AK13: 47848 | AL13: 44218 | AM13: 46053 | AN13: =D13-M13-Z13-AB13-AD13-AF13 -> 0.00012000007
A14: 10 | B14: Строительство участка автомобильной дороги регионального значения «Молоковское шоссе – Нижнее Мячково» в Ленинском городском округе Московской области | C14: 22-73 | D14: 4779285.2 | E14: СМР+ПИР | F14: 1345921.5 | G14: =F14/D14 -> 0.28161564 | H14: 1208640.5 | I14: =H14/F14 -> 0.89800223 | J14: 0 | K14: 1208640.5 | L14: =K14/H14 -> 1 | M14: 1501520.7 | N14: =M14/D14 -> 0.31417266 | O14: 292880.26 | P14: =O14/D14 -> 0.061281184 | Q14: 0 | R14: 0 | S14: 71000 | T14: 324253.55 | U14: 215086.38 | V14: 100000 | W14: 300000 | Z14: =V14-X14 -> 100000 | AA14: 980000 | AB14: 260000 | AC14: 277390.61 | AD14: 1440000 | AE14: 1500000 | AF14: 1477764.4 | AG14: 4224617.8 | AH14: идет проект-ние | AI14: 0.95 | AJ14: да | AK14: 47479 | AL14: 46446 | AM14: 46811 | AN14: =D14-M14-Z14-AB14-AD14-AF14 -> -3.9999839e-05
A15: 11 | B15: Строительство участка автомобильной дороги Щербинка - Федюково - Каширское шоссе (1 этап) и подъезда к ж\д станции Калинина в Ленинском городском округе Московской области | C15: 24-54 | D15: 1033849.2 | E15: СМР+ПИР | F15: 310154.76 | G15: =F15/D15 -> 0.3 | H15: 13968.121 | I15: =H15/F15 -> 0.045035972 | J15: 0 | K15: 13968.121 | L15: =K15/H15 -> 1 | M15: 13968.122 | N15: =M15/D15 -> 0.013510793 | O15: 0 | P15: =O15/D15 -> 0 | Q15: 0 | R15: 0 | S15: 26624.162 | T15: 137592.29 | V15: 104992.28 | Z15: =V15-X15 -> 104992.28 | AA15: 70000 | AB15: 72000 | AC15: 78000 | AD15: 842888.79 | AE15: 1170439.6 | AH15: идет проект-ние | AK15: 47114 | AL15: 46831 | AM15: 46831 | AN15: =D15-M15-Z15-AB15-AD15-AF15 -> -0.0001399999
A16: 12 | B16: Строительство автомобильной дороги Подъезд к ИП Коледино в Городском округе Подольск Московской области | C16: 24-53 | D16: 957471.62 | E16: СМР+ПИР | F16: 418987.67 | G16: =F16/D16 -> 0.43759801 | H16: 11211.191 | I16: =H16/F16 -> 0.026757806 | J16: 0 | K16: 11211.191 | L16: =K16/H16 -> 1 | M16: 11211.19 | N16: =M16/D16 -> 0.011709162 | O16: 0 | P16: =O16/D16 -> 0 | Q16: 0 | R16: 0 | S16: 111159.45 | T16: 84890.068 | V16: 64126.924 | Z16: =V16-X16 -> 64126.924 | AA16: 1274254.9 | AB16: 882133.5 | AC16: 1336150.2 | AH16: идет проект-ние | AI16: 0 | AJ16: да | AK16: 46748 | AL16: 46660 | AM16: 46501 | AN16: =D16-M16-Z16-AB16-AD16-AF16 -> 0.00138
A17: 13 | B17: Строительство транспортно- пересадочного узла на железнодорожной станции Лесной городок в Одинцовском городском округе Московской области | C17: 25-106 | D17: 2470626.9 | E17: СМР+ПИР | F17: 741188.06 | G17: =F17/D17 -> 0.3 | H17: 31888.61 | I17: =H17/F17 -> 0.043023642 | J17: 31888.61 | K17: 31888.61 | L17: =K17/H17 -> 1 | M17: 31888.61 | N17: =M17/D17 -> 0.012907093 | O17: 0 | P17: =O17/D17 -> 0 | Q17: 0 | R17: 31888.61 | S17: 826179.92 | T17: 380829.04 | V17: 372229.78 | W17: 967000 | Z17: =V17-X17 -> 372229.78 | AA17: 1612558.7 | AB17: 2066508.5 | AC17: 2255599.7 | AE17: 670635.75 | AH17: идет проект-ние | AI17: 0 | AJ17: нет | AM17: 46746 | AN17: =D17-M17-Z17-AB17-AD17-AF17 -> -0.00012999983
A18: 14 | B18: Строительство боковых проездов а/д М-4 «Дон» в Ленинском городском округе, го Домодедово | C18: 25-73 | D18: 1753364.6 | E18: СМР+ПИР | F18: 526009.4 | G18: =F18/D18 -> 0.3 | H18: 427109.42 | I18: =H18/F18 -> 0.81198059 | J18: 427109.42 | K18: 427109.42 | L18: =K18/H18 -> 1 | M18: 427109.42 | N18: =M18/D18 -> 0.24359418 | O18: 0 | P18: =O18/D18 -> 0 | Q18: 0 | R18: 427109.42 | S18: 153255.31 | T18: 283890.58 | V18: 73255.313 | W18: 180000 | Z18: =V18-X18 -> 73255.313 | AA18: 90000 | AB18: 90000 | AC18: 100000 | AD18: 1162999.9 | AE18: 1490000 | AH18: идет проект-ние | AK18: 47114 | AL18: 46744 | AM18: 47112 | AN18: =D18-M18-Z18-AB18-AD18-AF18 -> -0.00038999994
B19: ДИМ | D19: =SUM(D20:D26) -> 28155094 | F19: =SUM(F20:F26) -> 11521893 | G19: =F19/D19 -> 0.40922941 | H19: =SUM(H20:H26) -> 7241237.3 | I19: =H19/F19 -> 0.62847638 | J19: =SUM(J20:J26) -> 2731721.3 | K19: =SUM(K20:K26) -> 3353747.4 | L19: =K19/H19 -> 0.46314562 | M19: =SUM(M20:M26) -> 10043966 | N19: =M19/D19 -> 0.35673708 | O19: =SUM(O20:O26) -> 6690218.7 | P19: =O19/D19 -> 0.23762018 | Q19: =SUM(Q20:Q26) -> 2323598 | R19: =SUM(R20:R26) -> 3355457.8 | S19: =SUM(S22:S26) -> 1208300.2 | T19: =SUM(T20:T26) -> 5402900.4 | U19: =SUM(U20:U26) -> 71059.086 | V19: =SUM(V20:V26) -> 4518278.9 | W19: =SUM(W20:W26) -> 168000 | X19: =SUM(X20:X26) -> 3239248.1 | Y19: =SUM(Y20:Y26) -> 3239248.1 | Z19: =SUM(Z20:Z26) -> 1279030.8 | AA19: =SUM(AA22:AA26) -> 1999150.4 | AB19: =SUM(AB20:AB26) -> 701982.45 | AC19: =SUM(AC20:AC26) -> 915222.81 | AD19: =SUM(AD20:AD26) -> 2683660.4 | AE19: =SUM(AE20:AE26) -> 3108838.1 | AF19: =SUM(AF20:AF26) -> 13437045 | AG19: =SUM(AG20:AG26) -> 19553430 | AN19: =D19-M19-Z19-AB19-AD19-AF19 -> 9409.4752
A20: 1 | B20: Строительство и реконструкция проезда 4638 в городском округе Котельники Московской области | C20: 24-81 | D20: 765893.46 | E20: СМР+ПИР | F20: 229768.04 | G20: =F20/D20 -> 0.3 | H20: 129000 | I20: =H20/F20 -> 0.56143579 | J20: 119000 | K20: 129000 | L20: =K20/H20 -> 1 | M20: 129000 | N20: =M20/D20 -> 0.16843074 | O20: 0 | P20: =O20/D20 -> 0 | Q20: 0 | R20: 119000 | S20: 113333.33 | T20: 740884.52 | V20: 600834.64 | Z20: =V20-X20 -> 600834.64 | AA20: 523560.12 | AB20: 2718.5075 | AC20: 7133.677 | AH20: 0.01 | AI20: 0.29 | AL20: 46408 | AM20: 46408 | AN20: =D20-M20-Z20-AB20-AD20-AF20 -> 33340.31
A21: 2 | B21: Реконструкция автомобильной дороги Спиридово – «А-104 «Москва – Дмитров – Дубна» – Дмитров – МБК (с реконструкцией мостового перехода через канал им. Москвы) и автомобильной дороги по улице Профессиональная в Дмитровском городском округе Московской области | C21: 46106 | D21: 14764374 | E21: СМР | F21: 7382187.2 | G21: =F21/D21 -> 0.5 | H21: 4996821.2 | I21: =H21/F21 -> 0.67687544 | J21: 2040821.2 | K21: 2028742.1 | L21: =K21/H21 -> 0.40600654 | M21: 4996821.2 | N21: =M21/D21 -> 0.33843772 | O21: 2968079.1 | P21: =O21/D21 -> 0.20102979 | Q21: 1500000 | R21: 2040821.2 | S21: 90000 | T21: 3130000.1 | U21: 44832.304 | V21: 2956000 | X21: 2956000 | Y21: 2956000 | Z21: =V21-X21 -> 0 | AA21: 500000 | AB21: 67000 | AC21: 100000 | AD21: 921000 | AE21: 1000000 | AF21: 8779553.1 | AG21: 14053848 | AH21: 0.08 | AI21: 0.93 | AJ21: да | AK21: 43826 | AL21: 47844 | AM21: 47590 | AN21: =D21-M21-Z21-AB21-AD21-AF21 -> 7.0000067e-05
A22: 3 | B22: Строительство участка автомобильной дороги Мякининское шоссе до автомобильной дороги "Подъездные дороги к Комплексу зданий Административно - общественного Центра Московской области" в Одинцовском городском округе Московской области | C22: 24-88 | D22: 2544160.4 | E22: СМР | F22: 763248.12 | G22: =F22/D22 -> 0.3 | H22: 763248.12 | I22: =H22/F22 -> 1 | J22: 480000 | K22: 683975.87 | L22: =K22/H22 -> 0.8961383 | M22: 763248.12 | N22: =M22/D22 -> 0.3 | O22: 79272.249 | P22: =O22/D22 -> 0.03115851 | Q22: 79272.249 | R22: 480000 | S22: 50000 | T22: 489000 | U22: 26217.132 | V22: 390000 | X22: 283248.12 | Y22: 283248.12 | Z22: =V22-X22 -> 106751.88 | AA22: 1899160.4 | AB22: 80000 | AC22: 88000 | AD22: 1594160.4 | AE22: 1938314.9 | AH22: 0.19 | AI22: 0.68 | AJ22: да | AK22: 47114 | AL22: 46419 | AM22: 46419 | AN22: =D22-M22-Z22-AB22-AD22-AF22 -> 0.0001699999
A23: 4 | B23: Реконструкция участка Мякининского шоссе от автомобильной дороги федерального значения М-9 "Балтия" до МКАД в Одинцовском городском округе Московской области | C23: 24-83 | D23: 135718.92 | E23: СМР | F23: 40715.677 | G23: =F23/D23 -> 0.3 | H23: 40715.677 | I23: =H23/F23 -> 1 | J23: 40715.677 | K23: 37181.564 | L23: =K23/H23 -> 0.91320019 | M23: 44833.223 | N23: =M23/D23 -> 0.33033878 | O23: 7651.659 | P23: =O23/D23 -> 0.056378719 | Q23: 7651.659 | R23: 44833.223 | S23: 67003.246 | T23: 235686 | U23: 9.65 | V23: 70000 | Z23: =V23-X23 -> 70000 | AB23: 44816.524 | AC23: 190848.91 | AE23: 105 | AH23: 0.9 | AI23: 0.8 | AJ23: да | AK23: 47114 | AL23: 45149 | AM23: 46248 | AN23: =D23-M23-Z23-AB23-AD23-AF23 -> -23930.825
A24: 5 | B24: Строительство путепровода через железную дорогу в районе платформы Быково Раменского муниципального района Московской области | C24: 21-47 | D24: 4200892.9 | E24: СМР | F24: 1260267.9 | G24: =F24/D24 -> 0.3 | H24: 1260267.9 | I24: =H24/F24 -> 1 | J24: 0 | K24: 423663.38 | L24: =K24/H24 -> 0.33616931 | M24: 4058879 | N24: =M24/D24 -> 0.96619435 | O24: 3635215.6 | P24: =O24/D24 -> 0.86534356 | Q24: 736674.11 | R24: 619618.88 | S24: 125574.25 | T24: 428514.28 | V24: 142013.9 | Z24: =V24-X24 -> 142013.9 | AH24: 0.98 | AI24: 1 | AJ24: да | AK24: 46383 | AL24: 45580 | AM24: 46265 | AN24: =D24-M24-Z24-AB24-AD24-AF24 -> 0.00029000003
A25: 6 | B25: Строительство подъезда к мкр № 9 от ул. Сосновой в г. Одинцово, Московская область | C25: 46259 | D25: 612447.42 | E25: СМР | F25: 306223.71 | G25: =F25/D25 -> 0.5 | H25: 0 | I25: =H25/F25 -> 0 | J25: 0 | K25: 0 | L25: 0 | M25: 0 | N25: =M25/D25 -> 0 | O25: 0 | P25: =O25/D25 -> 0 | Q25: 0 | R25: 0 | S25: 569447.42 | T25: 200000 | V25: 190000 | Z25: =V25-X25 -> 190000 | AB25: 422447.42 | AC25: 429240.22 | AH25: идет проект-ние | AI25: 0 | AJ25: да | AL25: 46646 | AM25: 46356 | AN25: =D25-M25-Z25-AB25-AD25-AF25 -> 5.0000031e-05
A26: 7 | B26: Строительство путепровода в створе ул. С. Морозова – пр. 30-й Казармы в г. Орехово-Зуево в Орехово-Зуевском городском округе Московской области | C26: 25-57 | D26: 5131606.6 | E26: СМР+ПИР | F26: 1539482 | G26: =F26/D26 -> 0.3 | H26: 51184.458 | I26: =H26/F26 -> 0.033247845 | J26: 51184.459 | K26: 51184.459 | L26: =K26/H26 -> 1 | M26: 51184.459 | N26: =M26/D26 -> 0.0099743535 | O26: 0 | P26: =O26/D26 -> 0 | Q26: 0 | R26: 51184.459 | S26: 396275.3 | T26: 178815.54 | V26: 169430.4 | W26: 168000 | Z26: =V26-X26 -> 169430.4 | AA26: 99990 | AB26: 85000 | AC26: 100000 | AD26: 168500 | AE26: 170418.2 | AF26: 4657491.8 | AG26: 5499581.8 | AH26: идет проект-ние | AL26: 47253 | AM26: 47455 | AN26: =D26-M26-Z26-AB26-AD26-AF26 -> -0.01081
B27: Роуд Групп | D27: =SUM(D28:D33) -> 5882577.9 | F27: =SUM(F28:F33) -> 2245038.3 | G27: =F27/D27 -> 0.38164191 | H27: =SUM(H28:H33) -> 1138170.2 | I27: =H27/F27 -> 0.50697142 | J27: =SUM(J28:J33) -> 466467.16 | K27: =SUM(K28:K33) -> 384563.52 | L27: =K27/H27 -> 0.33787874 | M27: =SUM(M28:M33) -> 2256412.5 | N27: =M27/D27 -> 0.38357546 | O27: =SUM(O28:O33) -> 2010302.3 | P27: =O27/D27 -> 0.34173833 | Q27: =SUM(Q28:Q33) -> 1714222.2 | R27: =SUM(R28:R33) -> 1478718.7 | S27: =SUM(S30:S33) -> 246305.23 | T27: =SUM(T28:T33) -> 1318860.7 | U27: =SUM(U28:U33) -> 20546.569 | V27: =SUM(V28:V33) -> 1173496.4 | W27: =SUM(W28:W33) -> 473000 | X27: =SUM(X28:X33) -> 393102.97 | Y27: =SUM(Y28:Y33) -> 312186.04 | Z27: =SUM(Z28:Z33) -> 780393.47 | AA27: =SUM(AA30:AA33) -> 1043005.5 | AB27: =SUM(AB28:AB33) -> 1509448.3 | AC27: =SUM(AC28:AC33) -> 1722077.8 | AD27: =SUM(AD28:AD33) -> 1336323.5 | AE27: =SUM(AE28:AE33) -> 2343534.3 | AF27: =SUM(AF28:AF33) -> 0 | AG27: =SUM(AG28:AG33) -> 0 | AN27: =D27-M27-Z27-AB27-AD27-AF27 -> 0.00070199929
A28: 1 | B28: Строительство автомобильной дороги регионального значения Волоколамкое шоссе - Нахабино в городском округе Красногорск Московской области. 1 этап | C28: 24-76 | D28: 901195.09 | E28: СМР+ПИР | F28: 270358.53 | G28: =F28/D28 -> 0.3 | H28: 270358.53 | I28: =H28/F28 -> 1 | J28: 95000 | K28: 221366.18 | L28: =K28/H28 -> 0.81878748 | M28: 372518.39 | N28: =M28/D28 -> 0.41336043 | O28: 151152.21 | P28: =O28/D28 -> 0.16772419 | Q28: 0 | R28: 95000 | S28: 90000 | T28: 313424.86 | U28: 15109.809 | V28: 268890.75 | X28: 263385.9 | Y28: 185299.83 | Z28: =V28-X28 -> 5504.8522 | AA28: 1329868.5 | AB28: 523171.85 | AC28: 526123.16 | AE28: 659000 | AH28: 0.4 | AI28: 0 | AJ28: да | AK28: 46748 | AL28: 46748 | AM28: 46748 | AN28: =D28-M28-Z28-AB28-AD28-AF28 -> 0
A29: 2 | B29: Реконструкция автомобильной дороги Калиново – Дракино в городском округе Серпухов Московской области | C29: 46197 | D29: 1842900.9 | E29: СМР+ПИР | F29: 541997.83 | G29: =F29/D29 -> 0.29410036 | H29: 541997.83 | I29: =H29/F29 -> 1 | J29: 255958.24 | K29: 0 | L29: =K29/H29 -> 0 | M29: 1207021.4 | N29: =M29/D29 -> 0.65495731 | O29: 1345474.8 | P29: =O29/D29 -> 0.73008524 | Q29: 1207021.4 | R29: 920981.86 | S29: 576901.62 | T29: 534463.81 | U29: 436.76 | V29: 520000 | Z29: =V29-X29 -> 520000 | AB29: 115879.49 | AC29: 236000 | AH29: 0.652 | AI29: 0.99 | AJ29: да | AK29: 46748 | AL29: 46017 | AM29: 46115 | AN29: =D29-M29-Z29-AB29-AD29-AF29 -> -1.3096724e-10
A30: 3 | B30: Строительство подъезда к ИП «Новопетровское» в городском округе Истра Московской области. Этап 1 | C30: 46227 | D30: 542045.64 | E30: СМР+ПИР | F30: 162613.69 | G30: =F30/D30 -> 0.3 | H30: 162616.54 | I30: =H30/F30 -> 1.0000175 | J30: 78197.782 | K30: 0 | L30: =K30/H30 -> 0 | M30: 513675.36 | N30: =M30/D30 -> 0.94766071 | O30: 513675.36 | P30: =O30/D30 -> 0.94766071 | Q30: 507200.79 | R30: 426425.74 | S30: 17998.491 | T30: 39000 | U30: 5000 | V30: 31201.137 | X30: 2830.8555 | Z30: =V30-X30 -> 28370.281 | AC30: 78500.468 | AH30: 0.99 | AI30: 0.86 | AJ30: да | AK30: 46748 | AL30: 46137 | AM30: 46137 | AN30: =D30-M30-Z30-AB30-AD30-AF30 -> -0.00021000004
A31: 4 | B31: Строительство транспортной развязки в одном уровне на пересечении автомобильных дорог М-9 «Балтия» и «Аносино-Покровское» в городском округе Истра Московской области | C31: 25-60 | D31: 942039.37 | E31: СМР+ПИР | F31: 471019.68 | G31: =F31/D31 -> 0.5 | H31: 125424.37 | I31: =H31/F31 -> 0.26628266 | J31: 14424.373 | K31: 125424.37 | L31: =K31/H31 -> 1 | M31: 125424.37 | N31: =M31/D31 -> 0.13314133 | O31: 0 | P31: =O31/D31 -> 0 | Q31: 0 | R31: 14424.373 | S31: 108424.3 | T31: 245168.24 | V31: 213993.15 | W31: 205000 | X31: 111000 | Y31: 111000 | Z31: =V31-X31 -> 102993.15 | AA31: 819189.92 | AB31: 713621.85 | AC31: 719679.06 | AH31: идет проект-ние | AI31: 0 | AJ31: да | AK31: 46748 | AL31: 46507 | AM31: 46707 | AN31: =D31-M31-Z31-AB31-AD31-AF31 -> 1.1641532e-10
A32: 5 | B32: Строительство обхода СНТ «Кино» в районе д. Ламоново в муниципальном округе Истра Московской области | C32: 25-75 | D32: 140749.48 | E32: СМР+ПИР | F32: 42224.843 | G32: =F32/D32 -> 0.29999999 | H32: 3224.843 | I32: =H32/F32 -> 0.07637312 | J32: 3224.844 | K32: 3224.844 | L32: =K32/H32 -> 1.0000003 | M32: 3224.8438 | N32: =M32/D32 -> 0.022911941 | O32: 0 | P32: =O32/D32 -> 0 | Q32: 0 | R32: 3224.844 | S32: 13709.075 | T32: 70000 | V32: 60749.479 | Z32: =V32-X32 -> 60749.479 | AA32: 123815.56 | AB32: 76775.156 | AC32: 76775.156 | AH32: идет проект-ние | AI32: 0 | AJ32: да | AL32: 46694 | AM32: 46707 | AN32: =D32-M32-Z32-AB32-AD32-AF32 -> 1.9999716e-06
A33: 6 | B33: Строительство автомобильной дороги А-103 «Щелковское шоссе» - Черноголовка-МБК в го Черноголовка 1 этап | C33: 25-67 | D33: 1513647.4 | E33: СМР+ПИР | F33: 756823.69 | G33: =F33/D33 -> 0.5 | H33: 34548.131 | I33: =H33/F33 -> 0.04564885 | J33: 19661.918 | K33: 34548.131 | L33: =K33/H33 -> 1 | M33: 34548.131 | N33: =M33/D33 -> 0.022824425 | O33: 0 | P33: =O33/D33 -> 0 | Q33: 0 | R33: 18661.918 | S33: 106173.36 | T33: 116803.78 | V33: 78661.918 | W33: 268000 | X33: 15886.214 | Y33: 15886.214 | Z33: =V33-X33 -> 62775.704 | AA33: 100000 | AB33: 80000 | AC33: 85000 | AD33: 1336323.5 | AE33: 1684534.3 | AH33: идет проект-ние | AK33: 47114 | AL33: 46744 | AM33: 47088 | AN33: =D33-M33-Z33-AB33-AD33-AF33 -> 0.00090999994
B34: СИБАГРО | D34: =SUM(D35:D36) -> 18443317 | F34: =SUM(F35:F36) -> 6085839.2 | G34: =F34/D34 -> 0.32997531 | H34: =SUM(H35:H36) -> 4898579.6 | I34: =H34/F34 -> 0.8049144 | J34: =SUM(J35:J36) -> 4053318.4 | K34: =SUM(K35:K36) -> 282294.54 | L34: =K34/H34 -> 0.057627835 | M34: =SUM(M35:M36) -> 17825341 | N34: =M34/D34 -> 0.96649325 | O34: =SUM(O35:O36) -> 17543900 | P34: =O34/D34 -> 0.95123345 | Q34: =SUM(Q35:Q36) -> 2207901.6 | R34: =SUM(R35:R36) -> 1098340.7 | S34: =SUM(S35:S36) -> 567665.18 | T34: =SUM(T35:T36) -> 950687.18 | U34: =SUM(U35:U36) -> 0 | V34: =SUM(V35:V36) -> 601465.95 | W34: =SUM(W35:W36) -> 0 | X34: =SUM(X35:X36) -> 2557.2004 | ... AG34: =SUM(AG35:AG36) -> 0 | AN34: =D34-M34-Z34-AB34-AD34-AF34 -> 19066.824
A35: 1 | B35: Строительство подъездов к лицею им. В.И. Долгих в городском округе Истра Московской области | C35: 22-72 | D35: 3262915.1 | E35: СМР+ПИР | F35: 1531718.7 | G35: =F35/D35 -> 0.46943261 | H35: 845261.21 | I35: =H35/F35 -> 0.55183839 | J35: 0 | K35: 0 | L35: =K35/H35 -> 0 | M35: 3043241 | N35: =M35/D35 -> 0.93267551 | O35: 3044094.2 | P35: =O35/D35 -> 0.93293699 | Q35: 810621.06 | R35: 525632.2 | S35: 188430.53 | T35: 336300 | V35: 222231.3 | X35: 2557.2004 | Z35: =V35-X35 -> 219674.1 | AC35: 133522.57 | AH35: 0.97 | AI35: 1 | AJ35: да | AK35: 46748 | AL35: 45170 | AM35: 46052 | AN35: =D35-M35-Z35-AB35-AD35-AF35 -> 4.0745363e-10
A36: 2 | B36: Строительство автомобильной дороги А-104 «Москва-Дмитров- Дубна» - Рогачевское шоссе» (северный обход г.Лобни) | C36: 46316 | D36: 15180402 | E36: СМР | F36: 4554120.5 | G36: =F36/D36 -> 0.3 | H36: 4053318.4 | I36: =H36/F36 -> 0.89003319 | J36: 4053318.4 | K36: 282294.54 | L36: =K36/H36 -> 0.06964529 | M36: 14782100 | N36: =M36/D36 -> 0.97376213 | O36: 14499806 | P36: =O36/D36 -> 0.95516614 | Q36: 1397280.6 | R36: 572708.49 | S36: 379234.65 | T36: 614387.18 | V36: 379234.65 | Z36: =V36-X36 -> 379234.65 | AH36: 0.98 | AI36: 1 | AJ36: да | AK36: 46383 | AL36: 44915 | AM36: 46157 | AN36: =D36-M36-Z36-AB36-AD36-AF36 -> 19066.824
B37: СТРОЙКОМ | D37: =SUM(D38:D39) -> 3951124.7 | F37: =SUM(F38:F39) -> 1185337.4 | G37: =F37/D37 -> 0.3 | H37: =SUM(H38:H39) -> 1175636.8 | I37: =H37/F37 -> 0.99181617 | J37: =SUM(J38:J39) -> 0 | K37: =SUM(K38:K39) -> 40039.59 | L37: =K37/H37 -> 0.034057789 | M37: =SUM(M38:M39) -> 3903059.9 | N37: =M37/D37 -> 0.98783516 | O37: =SUM(O38:O39) -> 3903059.9 | P37: =O37/D37 -> 0.98783516 | Q37: =SUM(Q38:Q39) -> 1719900.9 | R37: =SUM(R38:R39) -> 1203915.3 | S37: =SUM(S38:S39) -> 51076.039 | T37: =SUM(T38:T39) -> 354164.75 | U37: =SUM(U38:U39) -> 0 | V37: =SUM(V38:V39) -> 108700.75 | W37: =SUM(W38:W39) -> 212000 | X37: =SUM(X38:X39) -> 60635.947 | ... AG37: =SUM(AG38:AG39) -> 0 | AN37: =D37-M37-Z37-AB37-AD37-AF37 -> -0.00064000025
A38: 1 | B38: Строительство подъездов к лицею им. В.И. Долгих в городском округе Истра Московской области | C38: 46166 | D38: 3770638.4 | E38: СМР | F38: 1131191.5 | G38: =F38/D38 -> 0.3 | H38: 1131191.5 | I38: =H38/F38 -> 1 | J38: 0 | K38: 40039.59 | L38: =K38/H38 -> 0.035395942 | M38: 3723024.2 | N38: =M38/D38 -> 0.98737237 | O38: 3723024.2 | P38: =O38/D38 -> 0.98737237 | Q38: 1583835.4 | R38: 1108684.8 | S38: 35852.107 | T38: 336300 | V38: 93425.711 | X38: 45811.476 | Z38: =V38-X38 -> 47614.235 | AC38: 133522.57 | AH38: 0.97 | AI38: 0.99 | AJ38: да | AK38: 46748 | AL38: 45170 | AM38: 46302 | AN38: =D38-M38-Z38-AB38-AD38-AF38 -> -0.00029000006
A39: 2 | B39: Строительство автомобильной дороги «Хлебниково-Рогачево»-«Шереметьево-1-Шереметьево-2» в городских округах Химки, Мытищи, Лобня Московской области. Этап 2 | C39: 46136 | D39: 180486.26 | E39: СМР+ПИР | F39: 54145.878 | G39: =F39/D39 -> 0.3 | H39: 44445.283 | I39: =H39/F39 -> 0.82084334 | J39: 0 | K39: 0 | L39: =K39/H39 -> 0 | M39: 180035.69 | N39: =M39/D39 -> 0.9975036 | O39: 180035.69 | P39: =O39/D39 -> 0.9975036 | Q39: 136065.48 | R39: 95230.501 | S39: 15223.932 | T39: 17864.752 | V39: 15275.037 | W39: 212000 | X39: 14824.47 | Z39: =V39-X39 -> 450.56674 | AC39: 212000 | AH39: 0.98 | AJ39: да | AK39: 46116 | AL39: 46116 | AM39: 46116 | AN39: =D39-M39-Z39-AB39-AD39-AF39 -> -0.00035000001
B40: АРКС+МИСК | D40: =D41+D49 -> 57138138 | F40: =F41+F49 -> 22719415 | G40: =F40/D40 -> 0.3976226 | H40: =H41+H49 -> 20823360 | I40: =H40/F40 -> 0.91654472 | J40: =J41+J49 -> 4439433.4 | K40: =K41+K49 -> 14644634 | L40: =K40/H40 -> 0.70327909 | M40: =M41+M49 -> 30857232 | N40: =M40/D40 -> 0.54004616 | O40: =O41+O49 -> 16212598 | P40: =O40/D40 -> 0.2837439 | Q40: =Q41+Q49 -> 8440514.5 | R40: =R41+R49 -> 9441521 | T40: =T41+T49 -> 7294120.4 | U40: =U41+U49 -> 531646.48 | V40: =V41+V49 -> 6221164.9 | W40: =W41+W49 -> 180000 | X40: =X41+X49 -> 2493507.5 | Y40: =Y41+Y49 -> 2466744.4 | Z40: =Z41+Z49 -> 3727657.4 | AB40: =AB41+AB49 -> 4195861.7 | AC40: =AC41+AC49 -> 4507670 | AD40: =AD41+AD49 -> 7216437.4 | AE40: =AE41+AE49 -> 10387625 | AF40: =AF41+AF49 -> 10965948 | AG40: =AG41+AG49 -> 13444040 | AN40: =D40-M40-Z40-AB40-AD40-AF40 -> 175002.2
B41: АРКС | D41: =SUM(D42:D48) -> 30212486 | F41: =SUM(F42:F48) -> 12393381 | G41: =F41/D41 -> 0.41020726 | H41: =SUM(H42:H48) -> 12305247 | I41: =H41/F41 -> 0.99288861 | J41: =SUM(J42:J48) -> 3589486.4 | K41: =SUM(K42:K48) -> 7273824.5 | L41: =K41/H41 -> 0.59111568 | M41: =SUM(M42:M48) -> 20926377 | N41: =M41/D41 -> 0.69264002 | O41: =SUM(O42:O48) -> 13652552 | P41: =O41/D41 -> 0.45188444 | Q41: =SUM(Q42:Q48) -> 7850235.4 | R41: =SUM(R42:R48) -> 8291940.6 | S41: =SUM(S44:S48) -> 1256418 | T41: =SUM(T42:T48) -> 2784564.4 | U41: =SUM(U42:U48) -> 230939.75 | V41: =SUM(V42:V48) -> 2243643 | W41: =SUM(W42:W48) -> 0 | X41: =SUM(X42:X48) -> 0 | Y41: =SUM(Y42:Y48) -> 0 | Z41: =SUM(Z42:Z48) -> 2243643 | AA41: =SUM(AA44:AA48) -> 1016247.1 | AB41: =SUM(AB42:AB48) -> 1823734.6 | AC41: =SUM(AC42:AC48) -> 1999065.6 | AD41: =SUM(AD42:AD48) -> 738325.29 | AE41: =SUM(AE42:AE48) -> 1636153.1 | AF41: =SUM(AF42:AF48) -> 4445094.5 | AG41: =SUM(AG42:AG48) -> 5454325.6 | AN41: =D41-M41-Z41-AB41-AD41-AF41 -> 35311.87
A42: 1 | B42: Строительство автомобильной дороги Пятницкое шоссе (новое направление) - Сабурово в городском округе Красногорск Московской области | C42: 22-50 | D42: 974781.63 | E42: СМР+ПИР | F42: 131425.09 | G42: =F42/D42 -> 0.13482516 | H42: 130377.76 | I42: =H42/F42 -> 0.99203096 | J42: 0 | K42: 130156.85 | L42: =K42/H42 -> 0.99830567 | M42: 178940.62 | N42: =M42/D42 -> 0.18356995 | O42: 48783.753 | P42: =O42/D42 -> 0.050045827 | Q42: 0 | R42: 1349.456 | S42: 86529 | T42: 101000 | U42: 35804.306 | V42: 50500 | Z42: =V42-X42 -> 50500 | AA42: 688927.44 | AB42: 495106.98 | AC42: 495301.04 | AD42: 249500 | AE42: 487000 | AH42: 0.03 | AI42: 0.92 | AJ42: да | AK42: 46748 | AL42: 46383 | AM42: 46417 | AN42: =D42-M42-Z42-AB42-AD42-AF42 -> 734.02469
A43: 2 | B43: Строительство автомобильной дороги «Пятницкое шоссе» на участке «Митино-ЦКАД» (Этап 1) | C43: 22-55 | D43: 13603952 | E43: СМР+ПИР | F43: 4258750.6 | G43: =F43/D43 -> 0.31305245 | H43: 4258750.6 | I43: =H43/F43 -> 1 | J43: 1102108.8 | K43: 3007541.3 | L43: =K43/H43 -> 0.70620275 | M43: 7757857.9 | N43: =M43/D43 -> 0.570265 | O43: 4750316.5 | P43: =O43/D43 -> 0.3491865 | Q43: 4138760.9 | R43: 4063000 | S43: 2000 | T43: 806427.21 | U43: 102000 | V43: 650000 | Z43: =V43-X43 -> 650000 | AA43: 2300000 | AB43: 570000 | AC43: 714342.31 | AD43: 181000 | AE43: 181514.77 | AF43: 4445094.5 | AG43: 5454325.6 | AH43: 0.3 | AI43: 0.98 | AJ43: да | AK43: 47479 | AL43: 46418 | AM43: 46783 | AN43: =D43-M43-Z43-AB43-AD43-AF43 -> 0
A44: 3 | B44: Строительство автомобильной дороги Путилково-Пятницкое шоссе в городском округе Красногорск Московской области | C44: 22-49 | D44: 2096949.6 | E44: СМР+ПИР | F44: 1012985.4 | G44: =F44/D44 -> 0.48307569 | H44: 1012985.4 | I44: =H44/F44 -> 1 | J44: 823970.83 | K44: 877175.7 | L44: =K44/H44 -> 0.86593126 | M44: 1559124.3 | N44: =M44/D44 -> 0.74352016 | O44: 681948.59 | P44: =O44/D44 -> 0.32520982 | Q44: 447770.44 | R44: 1151658.9 | S44: 40000 | T44: 300000 | U44: 93135.44 | V44: 140000 | Z44: =V44-X44 -> 140000 | AA44: 364752.05 | AB44: 90000 | AC44: 100000 | AD44: 307825.29 | AE44: 322448.07 | AH44: 0.59 | AI44: 0.8 | AJ44: да | AK44: 47114 | AL44: 46418 | AM44: 46418 | AN44: =D44-M44-Z44-AB44-AD44-AF44 -> -5.8207661e-11
A45: 4 | B45: Реконструкция автомобильной дороги Пироговское шоссе на участке от автомобильной дороги Волковское шоссе до автомобильной дороги «Виноградово-Болтино-Тарасовка»в городском округе Мытищи Московской области | C45: 21-41 | D45: 2622880.2 | E45: СМР+ПИР | F45: 1294081.9 | G45: =F45/D45 -> 0.49338203 | H45: 1233511.7 | I45: =H45/F45 -> 0.95319446 | J45: 0 | K45: 699342.66 | L45: =K45/H45 -> 0.56695259 | M45: 1873907.3 | N45: =M45/D45 -> 0.71444639 | O45: 1174564.6 | P45: =O45/D45 -> 0.44781482 | Q45: 430869.77 | R45: 0 | S45: 87540 | T45: 370000 | V45: 364000 | Z45: =V45-X45 -> 364000 | AA45: 647250.21 | AB45: 384972.9 | AC45: 387935.19 | AE45: 30081 | AH45: 0.85 | AI45: 1 | AJ45: да | AK45: 47114 | AL45: 46371 | AM45: 46418 | AN45: =D45-M45-Z45-AB45-AD45-AF45 -> 5.8207661e-11
A46: 5 | B46: Строительство путепровода через ж/д на 1 км а/д Аникеевка - Нахабино (пл. Аникеевка) | C46: 21-54 | D46: 3395898.7 | E46: СМР | F46: 1018769.6 | G46: =F46/D46 -> 0.3 | H46: 1018769.6 | I46: =H46/F46 -> 1 | J46: 57105.299 | K46: 447025.81 | L46: =K46/H46 -> 0.43878989 | M46: 2682177.9 | N46: =M46/D46 -> 0.78982859 | O46: 2235152.1 | P46: =O46/D46 -> 0.65819162 | Q46: 849783.3 | R46: 724607.11 | S46: 679142.98 | T46: 736137.19 | V46: 679142.98 | Z46: =V46-X46 -> 679142.98 | AH46: 0.85 | AI46: 1 | AJ46: да | AK46: 46387 | AL46: 45991 | AM46: 46387 | AN46: =D46-M46-Z46-AB46-AD46-AF46 -> 34577.846
A47: 6 | B47: Строительство и реконструкция автомобильной дороги Пятницкое шоссе-Саврасово-М-10 «Россия» в городских округах Солнечногорск и Химки Московской области (Этап 1) | C47: 21-46 | D47: 2688528.7 | E47: СМР+ПИР | F47: 1334626.8 | G47: =F47/D47 -> 0.49641531 | H47: 1320170.5 | I47: =H47/F47 -> 0.98916829 | J47: 634310.08 | K47: 495079.57 | L47: =K47/H47 -> 0.37501184 | M47: 2384283.8 | N47: =M47/D47 -> 0.88683592 | O47: 1889204.2 | P47: =O47/D47 -> 0.70269075 | Q47: 1149003.8 | R47: 1071000 | S47: 300000 | T47: 191000 | V47: 90000 | Z47: =V47-X47 -> 90000 | AA47: 4244.8721 | AB47: 214244.87 | AC47: 214602.06 | AE47: 55108.7 | AH47: 0.93 | AI47: 1 | AJ47: да | AK47: 47114 | AL47: 46017 | AM47: 46418 | AN47: =D47-M47-Z47-AB47-AD47-AF47 -> 2.910383e-11
A48: 7 | B48: Реконструкция Путилковского шоссе в городском округе Красногорск Московской области. 2 этап. Строительство тоннеля на пересечении Путилковского шоссе и Проектируемого проезда №6411 | C48: 21-40 | D48: 4829495.1 | E48: СМР+ПИР | F48: 3342741.9 | G48: =F48/D48 -> 0.69215141 | H48: 3330681.5 | I48: =H48/F48 -> 0.99639207 | J48: 971991.44 | K48: 1617502.5 | L48: =K48/H48 -> 0.48563712 | M48: 4490085.3 | N48: =M48/D48 -> 0.92972146 | O48: 2872582.7 | P48: =O48/D48 -> 0.5947998 | Q48: 834047.18 | R48: 1280325.1 | S48: 149734.97 | T48: 280000 | V48: 270000 | Z48: =V48-X48 -> 270000 | AB48: 69409.854 | AC48: 86884.962 | AE48: 560000.54 | AH48: 0.95 | AK48: 46748 | AL48: 46386 | AM48: 46387 | AN48: =D48-M48-Z48-AB48-AD48-AF48 -> -9.8953024e-10
B49: МИСК | D49: =SUM(D50:D58) -> 26925652 | F49: =SUM(F50:F58) -> 10326034 | G49: =F49/D49 -> 0.38350172 | H49: =SUM(H50:H58) -> 8518113.1 | I49: =H49/F49 -> 0.82491624 | J49: =SUM(J50:J58) -> 849946.96 | K49: =SUM(K50:K58) -> 7370809.3 | L49: =K49/H49 -> 0.8653101 | M49: =SUM(M50:M58) -> 9930855 | N49: =M49/D49 -> 0.36882505 | O49: =SUM(O50:O58) -> 2560045.7 | P49: =O49/D49 -> 0.095078317 | Q49: =SUM(Q50:Q58) -> 590279.09 | R49: =SUM(R50:R58) -> 1149580.4 | S49: =SUM(S54:S58) -> 1275344.2 | T49: =SUM(T50:T58) -> 4509556 | U49: =SUM(U50:U58) -> 300706.74 | V49: =SUM(V50:V58) -> 3977521.9 | W49: =SUM(W50:W58) -> 180000 | X49: =SUM(X50:X58) -> 2493507.5 | Y49: =SUM(Y50:Y58) -> 2466744.4 | Z49: =SUM(Z50:Z58) -> 1484014.5 | AA49: =SUM(AA54:AA58) -> 639527 | AB49: =SUM(AB50:AB58) -> 2372127.1 | AC49: =SUM(AC50:AC58) -> 2508604.4 | AD49: =SUM(AD50:AD58) -> 6478112.1 | AE49: =SUM(AE50:AE58) -> 8751472.1 | AF49: =SUM(AF50:AF58) -> 6520853.1 | AG49: =SUM(AG50:AG58) -> 7989714.7 | AN49: =D49-M49-Z49-AB49-AD49-AF49 -> 139690.33
A50: 1 | B50: Реконструкция автомобильной дороги А-106 Рублево-Успенское шоссе на участке км 0 - км 22 в Московской области для выполнения комплекса локальных мероприятий по подготовке территории строительства | C50: 25-19 | D50: 1612157.6 | E50: СМР+ПИР | F50: 806078.79 | G50: =F50/D50 -> 0.5 | H50: 806078.79 | I50: =H50/F50 -> 1 | J50: 806078.79 | K50: 763651.96 | L50: =K50/H50 -> 0.9473664 | M50: 832841.84 | N50: =M50/D50 -> 0.51660076 | O50: 69189.878 | P50: =O50/D50 -> 0.042917565 | Q50: 0 | R50: 806078.79 | S50: 162426.83 | T50: 347573.17 | U50: 137215.48 | V50: 147763.05 | X50: 26763.046 | Z50: =V50-X50 -> 121000 | AA50: 46803.919 | AB50: 180000 | AC50: 200000 | AD50: 338625.42 | AE50: 1325446.8 | AH50: 0.03 | AI50: 0.8 | AJ50: да | AK50: 46803 | AL50: 46568 | AM50: 46965 | AN50: =D50-M50-Z50-AB50-AD50-AF50 -> 139690.33
A51: 2 | B51: Строительство путепровода в створе проектируемого проезда №4037 в городе Люберцы Московской области | C51: 24-60 | D51: 6643557.8 | E51: СМР+ПИР | F51: 1993067.3 | G51: =F51/D51 -> 0.3 | H51: 1481093.6 | I51: =H51/F51 -> 0.74312269 | J51: 0 | K51: 1481093.6 | L51: =K51/H51 -> 1 | M51: 1481093.6 | N51: =M51/D51 -> 0.22293681 | O51: 0 | P51: =O51/D51 -> 0 | Q51: 0 | R51: 0 | S51: 1000000 | T51: 428822.64 | U51: 102380.4 | V51: 281844.63 | Z51: =V51-X51 -> 281844.63 | AA51: 2000000 | AB51: 453000 | AC51: 498000 | AD51: 1965000 | AE51: 1975000 | AF51: 2462619.6 | AG51: 2539978.9 | AH51: 0.05 | AI51: 0.56 | AJ51: да | AK51: 47479 | AL51: 46843 | AM51: 47012 | AN51: =D51-M51-Z51-AB51-AD51-AF51 -> 0
A52: 3 | B52: Строительство путепровода на 0+700 км автомобильной дороги Носовихинское ш. - Черное - Федурново в городском округе Балашиха Московской области | C52: 24-64 | D52: 4760583.3 | E52: СМР+ПИР | F52: 1648452.8 | G52: =F52/D52 -> 0.34627118 | H52: 1648452.8 | I52: =H52/F52 -> 1 | J52: 0 | K52: 1593274.3 | L52: =K52/H52 -> 0.96652708 | M52: 1787581.3 | N52: =M52/D52 -> 0.37549628 | O52: 194307.05 | P52: =O52/D52 -> 0.040815807 | Q52: 194307.05 | R52: 139128.53 | S52: 85000 | T52: 287000.35 | U52: 47615.728 | V52: 219493.24 | Z52: =V52-X52 -> 219493.24 | AA52: 500000 | AB52: 67757.483 | AC52: 93604.418 | AD52: 2685751.3 | AE52: 2805878.2 | AG52: 1199999 | AH52: 0.05 | AI52: 0.94 | AJ52: да | AK52: 47114 | AL52: 47011 | AM52: 47011 | AN52: =D52-M52-Z52-AB52-AD52-AF52 -> -4.6566129e-10
A53: 4 | B53: Реконструкция автомобильных дорог Пироговское шоссе и Олимпийский проспект на участке от автомобильной дороги Пироговское шоссе - Свиноедово до автомобильной дороги Волковское шоссе в городском округе Мытищи Московской области. Реконструкция мостового перехода через р. Клязьма | C53: 24-70 | D53: 2130462.3 | E53: СМР+ПИР | F53: 914599.02 | G53: =F53/D53 -> 0.42929604 | H53: 914599.02 | I53: =H53/F53 -> 1 | J53: 0 | K53: 877332.85 | L53: =K53/H53 -> 0.9592541 | M53: 990726.85 | N53: =M53/D53 -> 0.46502905 | O53: 113393.99 | P53: =O53/D53 -> 0.053225065 | Q53: 113393.99 | R53: 76127.829 | S53: 90000 | T53: 346000 | U53: 13495.132 | V53: 286000 | Z53: =V53-X53 -> 286000 | AA53: 90000 | AB53: 150000 | AC53: 180000 | AD53: 703735.43 | AE53: 1842147.1 | AH53: 0.17 | AI53: 0.95 | AJ53: да | AK53: 46889 | AL53: 46889 | AM53: 46889 | AN53: =D53-M53-Z53-AB53-AD53-AF53 -> -0.0002199997
A54: 5 | B54: Строительство путепровода через автомобильную дорогу федерального значения А-106 "Рублево-Успенское шоссе" в д. Раздоры Одинцовского городского округа Московской области | C54: 46286 | D54: 1871920.4 | E54: СМР | F54: 935960.21 | G54: =F54/D54 -> 0.5 | H54: 764137.37 | I54: =H54/F54 -> 0.81642079 | J54: 0 | K54: 74438.03 | L54: =K54/H54 -> 0.097414461 | M54: 1537398.1 | N54: =M54/D54 -> 0.82129459 | O54: 1462960.1 | P54: =O54/D54 -> 0.78152899 | Q54: 227875.22 | R54: 58189.913 | S54: 332712.22 | T54: 173764.95 | V54: 74631.379 | Z54: =V54-X54 -> 74631.379 | AB54: 259890.93 | AC54: 260000 | AH54: 0.93 | AI54: 0.95 | AJ54: да | AK54: 46383 | AL54: 44791 | AM54: 46053 | AN54: =D54-M54-Z54-AB54-AD54-AF54 -> -1.4551915e-10
A55: 6 | B55: Строительство путепровода через автомобильную дорогу федерального значения А-106 "Рублево-Успенское шоссе" в д. Раздоры Одинцовского городского округа Московской области | C55: 22-89 | D55: 880503.37 | E55: СМР+ПИР | F55: 427293.17 | G55: =F55/D55 -> 0.48528284 | H55: 393138.97 | I55: =H55/F55 -> 0.92006844 | J55: 0 | K55: 70406.039 | L55: =K55/H55 -> 0.1790869 | M55: 790600.72 | N55: =M55/D55 -> 0.89789631 | O55: 720194.69 | P55: =O55/D55 -> 0.81793518 | Q55: 54702.829 | R55: 26187.192 | S55: 83000 | V55: 89902.646 | Z55: =V55-X55 -> 89902.646 | AH55: 0.93 | AI55: 0.95 | AJ55: да | AK55: 46383 | AL55: 44791 | AM55: 46265 | AN55: =D55-M55-Z55-AB55-AD55-AF55 -> 0.00050999998
A56: 7 | B56: Строительство транспортной развязки на пересечении автомобильных дорог ул. Учительская и А-106 «Рублево-Успенское шоссе» в Одинцовском городском округе Московской области | C56: 25-128 | D56: 4463212.1 | E56: СМР+ПИР | F56: 2231606.1 | G56: =F56/D56 -> 0.5 | H56: 2231606.1 | I56: =H56/F56 -> 1 | J56: 0 | K56: 2231606.1 | L56: =K56/H56 -> 1 | M56: 2231606.1 | N56: =M56/D56 -> 0.5 | O56: 0 | P56: =O56/D56 -> 0 | Q56: 0 | R56: 0 | S56: 757272.87 | T56: 2457263.1 | V56: 2433212.1 | X56: 2231606.1 | Y56: 2231606.1 | Z56: =V56-X56 -> 201606.07 | AA56: 540027 | AB56: 690000 | AC56: 695000 | AD56: 690000 | AE56: 695000 | AF56: 650000 | AG56: 652736.89 | AH56: идет проект-ние | AI56: 0 | AJ56: нет | AK56: 47479 | AL56: 46645 | AM56: 47454 | AN56: =D56-M56-Z56-AB56-AD56-AF56 -> 0
A57: 8 | B57: Строительство путепровода через железнодорожные пути на перегоне между платформой Ботино и платформой Кривандино Казанского направления Московской железной дороги в деревне Новосидориха городского округа Шатура Московской области | C57: 25-78 | D57: 3779460.8 | E57: СМР+ПИР | F57: 1133838.2 | G57: =F57/D57 -> 0.3 | H57: 43868.17 | I57: =H57/F57 -> 0.038689972 | J57: 43868.17 | K57: 43868.17 | L57: =K57/H57 -> 1 | M57: 43868.17 | N57: =M57/D57 -> 0.011606992 | O57: 0 | P57: =O57/D57 -> 0 | Q57: 0 | R57: 43868.17 | S57: 102359.06 | T57: 169131.83 | V57: 152359.06 | W57: 180000 | Z57: =V57-X57 -> 152359.06 | AA57: 99500 | AB57: 90000 | AC57: 100000 | AD57: 85000 | AE57: 90000 | AF57: 3408233.5 | AG57: 3597000 | AH57: идет проект-ние | AK57: 47479 | AL57: 46744 | AM57: 47470 | AN57: =D57-M57-Z57-AB57-AD57-AF57 -> -0.00044000009
A58: 9 | B58: Строительство и реконструкция примыканий на автомобильной дороге А-106 Рублево-Успенское шоссе км 6 (справа) с реконструкцией улично-дорожной сети д. Барвиха в Одинцовском городском округе Московской области | C58: 46382 | D58: 783794.49 | E58: СМР+ПИР | F58: 235138.35 | G58: =F58/D58 -> 0.3 | H58: 235138.35 | I58: =H58/F58 -> 1 | J58: 0 | K58: 235138.35 | L58: =K58/H58 -> 1 | M58: 235138.35 | N58: =M58/D58 -> 0.3 | O58: 0 | P58: =O58/D58 -> 0 | Q58: 0 | R58: 0 | S58: 0 | T58: 300000 | V58: 292315.78 | X58: 235138.35 | Y58: 235138.35 | Z58: =V58-X58 -> 57177.428 | AA58: 0 | AB58: 481478.72 | AC58: 482000 | AD58: 10000 | AE58: 18000 | AH58: идет проект-ние | AK58: 47036 | AL58: 47036 | AM58: 46921 | AN58: =D58-M58-Z58-AB58-AD58-AF58 -> 4.9999857e-05
B59: ВИС | D59: =SUM(D60:D65) -> 21008610 | F59: =SUM(F60:F65) -> 5430575.1 | G59: =F59/D59 -> 0.25849283 | H59: =SUM(H60:H65) -> 4966757 | I59: =H59/F59 -> 0.91459134 | J59: =SUM(J60:J65) -> 2942101.8 | K59: =SUM(K60:K65) -> 4590067 | L59: =K59/H59 -> 0.92415776 | M59: =SUM(M60:M65) -> 5227494.5 | N59: =M59/D59 -> 0.24882629 | O59: =SUM(O60:O65) -> 634328.91 | P59: =O59/D59 -> 0.030193759 | Q59: =SUM(Q60:Q65) -> 513630.99 | R59: =SUM(R60:R65) -> 3108120.2 | S59: =SUM(S60:S64) -> 1213622.1 | T59: =SUM(T60:T65) -> 3129033.9 | U59: =SUM(U60:U65) -> 502036.61 | V59: =SUM(V60:V65) -> 1616592.3 | W59: =SUM(W60:W65) -> 0 | X59: =SUM(X60:X65) -> 33091.616 | Y59: =SUM(Y60:Y65) -> 33091.616 | Z59: =SUM(Z60:Z65) -> 1583500.7 | AA59: =SUM(AA60:AA64) -> 1284331.5 | AB59: =SUM(AB60:AB65) -> 2041839.8 | AC59: =SUM(AC60:AC65) -> 3015590.4 | AD59: =SUM(AD60:AD65) -> 1893105.5 | AE59: =SUM(AE60:AE65) -> 2314530 | AF59: =SUM(AF60:AF65) -> 10823749 | AG59: =SUM(AG60:AG65) -> 12514516 | AN59: =D59-M59-Z59-AB59-AD59-AF59 -> -561079.02
A60: 1 | B60: Строительство путепровода на пересечении Волковского шоссе и улицы Мира в городе Мытищи Московской области | C60: 24-61 | D60: 4567081.1 | E60: СМР+ПИР | F60: 1370124.3 | G60: =F60/D60 -> 0.3 | H60: 1297621 | I60: =H60/F60 -> 0.94708269 | J60: 1260000 | K60: 1297621 | L60: =K60/H60 -> 1 | M60: 1297621 | N60: =M60/D60 -> 0.28412481 | O60: 0 | P60: =O60/D60 -> 0 | Q60: 0 | R60: 1260000 | S60: 78000 | T60: 443263.11 | V60: 263765.78 | Z60: =V60-X60 -> 263765.78 | AA60: 90000 | AB60: 1091839.8 | AC60: 1161839.8 | AD60: 1700544.2 | AE60: 1721244.2 | AF60: 602937.57 | AG60: 1247902 | AH60: 0.01 | AI60: 0.89 | AJ60: да | AK60: 46955 | AL60: 46955 | AM60: 46955 | AN60: =D60-M60-Z60-AB60-AD60-AF60 -> -389627.29
A61: 2 | B61: Реконструкция Осташковского шоссе на участке от автомобильной дороги Виноградово - Болтино - Тарасовка до автомобильной дороги Осташковское госсе - д. Ульянково в городском округе Мытищи Московской области | C61: 24-57 | D61: 1302925.4 | E61: СМР+ПИР | F61: 390877.61 | G61: =F61/D61 -> 0.3 | H61: 390877.61 | I61: =H61/F61 -> 1 | J61: 367299.45 | K61: 390877.61 | L61: =K61/H61 -> 1 | M61: 390877.61 | N61: =M61/D61 -> 0.3 | O61: 0 | P61: =O61/D61 -> 0 | Q61: 0 | R61: 367299.45 | S61: 80000 | T61: 332977.2 | U61: 56036.608 | V61: 260938.16 | Z61: =V61-X61 -> 260938.16 | AA61: 774331.48 | AB61: 790000 | AC61: 810615.89 | AD61: 32561.321 | AE61: 351000 | AH61: 0.01 | AI61: 0.86 | AJ61: да | AK61: 46748 | AL61: 46692 | AM61: 46681 | AN61: =D61-M61-Z61-AB61-AD61-AF61 -> -171451.73
A62: 3 | B62: Реконструкция автомобильной дороги «А-104 «Москва-Дмитров-Дубна»-Поведники» на участке км 0 - км 2,74 (Афанасовское шоссе) | C62: 22-77 | D62: 3548732.6 | E62: СМР | F62: 2484112.8 | G62: =F62/D62 -> 0.7 | H62: 2471263 | I62: =H62/F62 -> 0.99482721 | J62: 540898.61 | K62: 2094573 | L62: =K62/H62 -> 0.84757188 | M62: 2732000.6 | N62: =M62/D62 -> 0.76985247 | O62: 634328.91 | P62: =O62/D62 -> 0.17874802 | Q62: 513630.99 | R62: 706917 | S62: 816649.02 | T62: 899966.22 | V62: 816732.02 | Z62: =V62-X62 -> 816732.02 | AC62: 97432.053 | AE62: 42119 | AH62: 0.8587 | AI62: 1 | AJ62: да | AK62: 47114 | AL62: 45870 | AM62: 46033 | AN62: =D62-M62-Z62-AB62-AD62-AF62 -> -1.1641532e-10
A63: 4 | B63: Реконструкция автомобильной дороги Носовихинское шоссе на участке от автомобильной дороги Кучино - М-7 «Волга» до автомобильной дороги Носовихинское шоссе - Агрогородок в городском округе Балашиха Московской области | C63: 25-51 | D63: 7221793.9 | E63: СМР+ПИР | F63: 722179.39 | G63: =F63/D63 -> 0.1 | H63: 722179.39 | I63: =H63/F63 -> 1 | J63: 722179.39 | K63: 722179.39 | L63: =K63/H63 -> 1 | M63: 722179.39 | N63: =M63/D63 -> 0.1 | O63: 0 | P63: =O63/D63 -> 0 | Q63: 0 | R63: 722179.39 | S63: 123085.14 | T63: 686744.87 | U63: 446000 | V63: 108085.14 | Z63: =V63-X63 -> 108085.14 | AA63: 200000 | AB63: 80000 | AC63: 202000 | AD63: 80000 | AE63: 200000 | AF63: 6231529.4 | AG63: 11266614 | AH63: идет проект-ние | AI63: 0.9 | AJ63: да | AK63: 47149 | AL63: 47149 | AM63: 47474 | AN63: =D63-M63-Z63-AB63-AD63-AF63 -> 0
A64: 5 | B64: Реконструкция автомобильной дороги Носовихинское шоссе на участке от автомобильной дороги Кучино - М-7 «Волга» до автомобильной дороги Носовихинское шоссе - Агрогородок в городском округе Балашиха Московской области Этап 2 | C64: 25-53 | D64: 4301894 | E64: СМР+ПИР | F64: 430189.4 | G64: =F64/D64 -> 0.1 | H64: 51724.34 | I64: =H64/F64 -> 0.1202362 | J64: 51724.34 | K64: 51724.34 | L64: =K64/H64 -> 1 | M64: 51724.34 | N64: =M64/D64 -> 0.01202362 | O64: 0 | P64: =O64/D64 -> 0 | Q64: 0 | R64: 51724.34 | S64: 115887.97 | V64: 100887.97 | Z64: =V64-X64 -> 100887.97 | AA64: 220000 | AB64: 80000 | AD64: 80000 | AF64: 3989281.7 | AH64: идет проект-ние | AI64: 0.88 | AJ64: да | AK64: 47149 | AL64: 47149 | AM64: 47435 | AN64: =D64-M64-Z64-AB64-AD64-AF64 -> 0
A65: 6 | B65: Строительство автомобильной дороги Осташковское шоссе - д. Ульянково в Мытищинском районе Московской области | C65: 26-22 | D65: 66183.232 | E65: СМР | F65: 33091.616 | G65: =F65/D65 -> 0.5 | H65: 33091.616 | I65: =H65/F65 -> 1 | J65: 0 | K65: 33091.616 | L65: 0 | M65: 33091.616 | N65: =M65/D65 -> 0.5 | O65: 0 | P65: =O65/D65 -> 0 | Q65: 0 | R65: 0 | S65: 115887.97 | T65: 766082.5 | V65: 66183.232 | X65: 33091.616 | Y65: 33091.616 | Z65: =V65-X65 -> 33091.616 | AC65: 743702.64 | AE65: 166.8 | AN65: =D65-M65-Z65-AB65-AD65-AF65 -> 0
B66: МСУ | D66: =SUM(D67:D74) -> 11014191 | F66: =SUM(F67:F74) -> 3935402.2 | G66: =F66/D66 -> 0.35730289 | H66: =SUM(H67:H74) -> 2298714.5 | I66: =H66/F66 -> 0.58411171 | J66: =SUM(J67:J74) -> 1728101.3 | K66: =SUM(K67:K74) -> 1940771.2 | L66: =K66/H66 -> 0.84428544 | M66: =SUM(M67:M74) -> 1940771.2 | N66: =M66/D66 -> 0.17620642 | O66: =SUM(O67:O74) -> 0 | P66: =O66/D66 -> 0 | Q66: =SUM(Q67:Q74) -> 0 | R66: =SUM(R67:R74) -> 1728101.3 | S66: =SUM(S67:S74) -> 817629.38 | T66: =SUM(T67:T74) -> 1227323.1 | U66: =SUM(U67:U74) -> 15000 | V66: =SUM(V67:V74) -> 1052629.4 | W66: =SUM(W67:W74) -> 53000 | X66: =SUM(X67:X74) -> 212669.93 | ... AG66: =SUM(AG67:AG74) -> 6836375.7 | AN66: =D66-M66-Z66-AB66-AD66-AF66 -> 0.00239
A67: 1 | B67: Реконструкция ул. Пролетарская (на участке от ул. Маяковского до ул. Пионерская) и ул. Автозаводская (на участке от ул. Пионерская до ул. Корнилаева) в городском округе Балашиха Московской области | C67: 46290 | D67: 1009728.6 | E67: СМР+ПИР | F67: 504864.28 | G67: =F67/D67 -> 0.5 | H67: 504864.28 | I67: =H67/F67 -> 1 | J67: 504864.28 | K67: 504864.28 | L67: =K67/H67 -> 1 | M67: 504864.28 | N67: =M67/D67 -> 0.5 | O67: 0 | P67: =O67/D67 -> 0 | Q67: 0 | R67: 504864.28 | S67: 98246.014 | T67: 316753.99 | V67: 298246.01 | Z67: =V67-X67 -> 298246.01 | AA67: 406618.27 | AB67: 206618.27 | AC67: 778381.73 | AH67: идет проект-ние | AK67: 46646 | AL67: 46646 | AM67: 46730 | AN67: =D67-M67-Z67-AB67-AD67-AF67 -> -0.00085000004
A68: 2 | B68: Реконструкция автомобильной дороги от ул. Коммунальная от границы территории Национального парка "Лосиный остров" до ул. Калининградская городского округа Королёв Московской области | C68: 25-74 | D68: 700000 | E68: СМР+ПИР | F68: 210000 | G68: =F68/D68 -> 0.3 | H68: 6900 | I68: =H68/F68 -> 0.032857143 | J68: 6900 | K68: 6900 | L68: =K68/H68 -> 1 | M68: 6900 | N68: =M68/D68 -> 0.0098571429 | O68: 0 | P68: =O68/D68 -> 0 | Q68: 0 | R68: 6900 | S68: 106100 | T68: 16100 | V68: 16100 | Z68: =V68-X68 -> 16100 | AA68: 100000 | AB68: 100000 | AC68: 100000 | AD68: 577000 | AE68: 587000 | AH68: идет проект-ние | AK68: 46994 | AL68: 46994 | AM68: 47072 | AN68: =D68-M68-Z68-AB68-AD68-AF68 -> 0
A69: 3 | B69: Реконструкция Водопроводной аллеи со строительством путепровода на пересечении с автомобильной дорогой М-8 «Холмогоры» в городском округе Мытищи Московской области | C69: 25-61 | D69: 4894285.2 | E69: СМР+ПИР | F69: 1468285.6 | G69: =F69/D69 -> 0.3 | H69: 34697.885 | I69: =H69/F69 -> 0.023631564 | J69: 34697.886 | K69: 34697.886 | L69: =K69/H69 -> 1 | M69: 34697.886 | N69: =M69/D69 -> 0.0070894695 | O69: 0 | P69: =O69/D69 -> 0 | Q69: 0 | R69: 34697.886 | S69: 160961.73 | T69: 85000 | V69: 80961.733 | W69: 41000 | Z69: =V69-X69 -> 80961.733 | AA69: 80000 | AB69: 80000 | AC69: 122272.4 | AD69: 65000 | AE69: 80000 | AF69: 4633625.6 | AG69: 4678029.7 | AH69: идет проект-ние | AK69: 47392 | AL69: 47392 | AM69: 47459 | AN69: =D69-M69-Z69-AB69-AD69-AF69 -> 0
A70: 4 | B70: Строительство ул. Главная на участках от ул. Шестая до ул. Корнилаева, от Проектируемого проезда №4 до ул. Пригородная в городском округе Балашиха Московской области | C70: 46320 | D70: 1677250 | E70: СМР+ПИР | F70: 838624.99 | G70: =F70/D70 -> 0.5 | H70: 838624.99 | I70: =H70/F70 -> 1 | J70: 838624.99 | K70: 838624.99 | L70: =K70/H70 -> 1 | M70: 838624.99 | N70: =M70/D70 -> 0.5 | O70: 0 | P70: =O70/D70 -> 0 | Q70: 0 | R70: 838624.99 | S70: 63273.082 | T70: 116726.92 | V70: 88273.082 | Z70: =V70-X70 -> 88273.082 | AA70: 775351.91 | AB70: 750351.91 | AC70: 844648.09 | AH70: идет проект-ние | AL70: 46546 | AM70: 46652 | AN70: =D70-M70-Z70-AB70-AD70-AF70 -> -0.00019000005
A71: 5 | B71: Реконструкция и строительство ул. Струве на участке от ул. Корнилаева до ул. Рождественская в городском округе Балашиха Московской области | C71: 24-87 | D71: 420360.32 | E71: СМР+ПИР | F71: 126108.1 | G71: =F71/D71 -> 0.3 | H71: 126108.1 | I71: =H71/F71 -> 1 | J71: 126108.1 | K71: 126108.1 | L71: =K71/H71 -> 1 | M71: 126108.1 | N71: =M71/D71 -> 0.3 | O71: 0 | P71: =O71/D71 -> 0 | Q71: 0 | R71: 126108.1 | S71: 114794.46 | T71: 125001.24 | U71: 15000 | V71: 99794.458 | Z71: =V71-X71 -> 99794.458 | AA71: 179457.77 | AB71: 194457.77 | AC71: 244962.16 | AH71: идет проект-ние | AL71: 46646 | AM71: 46739 | AN71: =D71-M71-Z71-AB71-AD71-AF71 -> 2.910383e-11
A72: 6 | B72: Реконструкция ул. Шестая на участке от ул. Струве до ул. Главная в городском округе Балашиха Московской области | C72: 24-86 | D72: 341829.43 | E72: СМР+ПИР | F72: 102548.83 | G72: =F72/D72 -> 0.3 | H72: 102548.83 | I72: =H72/F72 -> 1 | J72: 102548.83 | K72: 102548.83 | L72: =K72/H72 -> 1 | M72: 102548.83 | N72: =M72/D72 -> 0.3 | O72: 0 | P72: =O72/D72 -> 0 | Q72: 0 | R72: 102548.83 | S72: 58024.831 | T72: 235320.01 | V72: 198024.83 | Z72: =V72-X72 -> 198024.83 | AA72: 181255.77 | AB72: 41255.768 | AC72: 458487.92 | AH72: идет проект-ние | AL72: 46646 | AM72: 46763 | AN72: =D72-M72-Z72-AB72-AD72-AF72 -> 0
A73: 7 | B73: Строительство ул. Бояринова на участке от автомобильной дороги «Зенино - Павлино» до автомобильной дороги «Солнцево – Бутово – Видное – Каширское шоссе – Молоково – Лыткарино – Томилино –Красково – Железнодорожный» в городском округе Балашиха Московской области | C73: 46381 | D73: 468746.16 | E73: СМР+ПИР | F73: 234373.08 | G73: =F73/D73 -> 0.5 | H73: 234373.08 | I73: =H73/F73 -> 1 | J73: 101703.16 | K73: 234373.08 | L73: =K73/H73 -> 1 | M73: 234373.08 | N73: =M73/D73 -> 0.5 | O73: 0 | P73: =O73/D73 -> 0 | Q73: 0 | R73: 101703.16 | S73: 101703.16 | T73: 194420.9 | V73: 171703.16 | X73: 132669.93 | Y73: 132669.93 | Z73: =V73-X73 -> 39033.231 | AA73: 265339.85 | AB73: 195339.85 | AC73: 203875.95 | AH73: идет проект-ние | AL73: 46546 | AM73: 46739 | AN73: =D73-M73-Z73-AB73-AD73-AF73 -> -2.910383e-11
A74: 8 | B74: «Строительство ул. Керамическая на участке от автомобильной дороги «г. Железнодорожный, ул. Керамическая - Павлино 1» до автомобильной дороги «Солнцево – Бутово – Видное – Каширское шоссе – Молоково – Лыткарино –Томилино – Красково – Железнодорожный» в го Балашиха | C74: 25-66 | D74: 1501991.3 | E74: СМР+ПИР | F74: 450597.38 | G74: =F74/D74 -> 0.3 | H74: 450597.38 | I74: =H74/F74 -> 1 | J74: 12654.043 | K74: 92654.043 | L74: =K74/H74 -> 0.20562491 | M74: 92654.04 | N74: =M74/D74 -> 0.061687469 | O74: 0 | P74: =O74/D74 -> 0 | Q74: 0 | R74: 12654.043 | S74: 114526.1 | T74: 138000 | V74: 99526.101 | W74: 12000 | X74: 80000 | Z74: =V74-X74 -> 19526.101 | AA74: 100000 | AB74: 80000 | AC74: 111000 | AD74: 70000 | AE74: 80000 | AF74: 1239811.1 | AG74: 2158346 | AH74: идет проект-ние | AK74: 47479 | AL74: 46768 | AM74: 47452 | AN74: =D74-M74-Z74-AB74-AD74-AF74 -> 0.0034299998
B75: Руслан-1 | D75: =SUM(D76:D79) -> 3941898.9 | F75: =SUM(F76:F79) -> 1564261.8 | G75: =F75/D75 -> 0.3968295 | H75: =SUM(H76:H79) -> 847503.11 | I75: =H75/F75 -> 0.5417911 | J75: =SUM(J76:J79) -> 432870.5 | K75: =SUM(K76:K79) -> 715667.16 | L75: =K75/H75 -> 0.84444193 | M75: =SUM(M76:M79) -> 1152588.4 | N75: =M75/D75 -> 0.2923942 | O75: =SUM(O76:O79) -> 436921.23 | P75: =O75/D75 -> 0.11084029 | Q75: =SUM(Q76:Q79) -> 284800.89 | R75: =SUM(R76:R79) -> 640805.15 | S75: =SUM(S76:S79) -> 1346519.2 | T75: =SUM(T76:T79) -> 1167118.7 | U75: =SUM(U76:U79) -> 14370.8 | V75: =SUM(V76:V79) -> 1063046.5 | W75: =SUM(W76:W79) -> 0 | X75: =SUM(X76:X79) -> 389249.81 | ... AG75: =SUM(AG76:AG79) -> 0 | AN75: =D75-M75-Z75-AB75-AD75-AF75 -> -282688.82
A76: 1 | B76: Строительство подъезда к оптово-распределительному центру "Селятино" в Наро-Фоминском городском округе Московской области | C76: 46167 | D76: 1811942.2 | E76: СМР+ПИР | F76: 905971.09 | G76: =F76/D76 -> 0.5 | H76: 308712.42 | I76: =H76/F76 -> 0.34075306 | J76: 16613.242 | K76: 308712.42 | L76: =K76/H76 -> 1 | M76: 308712.42 | N76: =M76/D76 -> 0.17037653 | O76: 0 | P76: =O76/D76 -> 0 | Q76: 0 | R76: 16613.242 | S76: 114917.85 | T76: 521119.62 | U76: 4370.8 | V76: 497305.58 | X76: 292099.18 | Y76: 292099.18 | Z76: =V76-X76 -> 205206.4 | AA76: 1679515.7 | AB76: 600000 | AC76: 660811.17 | AD76: 980712.18 | AE76: 1101351.9 | AH76: 0 | AK76: 46646 | AL76: 46646 | AM76: 46707 | AN76: =D76-M76-Z76-AB76-AD76-AF76 -> -282688.82
A77: 2 | B77: Строительство подъезда к ТПУ Сколково в Одинцовском городском округе Московской области | C77: 24-18 | D77: 1621821.9 | E77: СМР+ПИР | F77: 429374.22 | G77: =F77/D77 -> 0.26474807 | H77: 429374.22 | I77: =H77/F77 -> 1 | J77: 319131.85 | K77: 350037.6 | L77: =K77/H77 -> 0.81522733 | M77: 652721.42 | N77: =M77/D77 -> 0.40246183 | O77: 302683.82 | P77: =O77/D77 -> 0.18663197 | Q77: 270802.05 | R77: 519058.69 | S77: 931478.16 | T77: 293000 | U77: 10000 | V77: 260000 | X77: 23420.351 | Z77: =V77-X77 -> 236579.65 | AB77: 732520.86 | AC77: 732880.03 | AE77: 160000 | AH77: 0.38 | AK77: 46748 | AL77: 46178 | AM77: 46178 | AN77: =D77-M77-Z77-AB77-AD77-AF77 -> -1.1641532e-10
A78: 3 | B78: Реконструкция ул. Гагарина в городском округе Лобня Московской области | C78: 24-72 | D78: 227345.7 | E78: СМР+ПИР | F78: 88521.93 | G78: =F78/D78 -> 0.38937148 | H78: 88521.93 | I78: =H78/F78 -> 1 | J78: 76230.878 | K78: 36022.604 | L78: =K78/H78 -> 0.40693423 | M78: 170260.01 | N78: =M78/D78 -> 0.7489036 | O78: 134237.41 | P78: =O78/D78 -> 0.59045501 | Q78: 13998.846 | R78: 84238.673 | S78: 130815.97 | T78: 103938.37 | V78: 90000 | X78: 73730.284 | Z78: =V78-X78 -> 16269.716 | AB78: 40815.97 | AC78: 146639.26 | AH78: 0.97 | AL78: 45992 | AM78: 46137 | AN78: =D78-M78-Z78-AB78-AD78-AF78 -> -2.1827873e-11
A79: 4 | B79: Реконструкция улично-дорожной сети в районе ул. Спортивная в рп. Селятино в Наро-Фоминском городском округе Московской области | C79: 25-15 | D79: 280789.08 | E79: СМР+ПИР | F79: 140394.54 | G79: =F79/D79 -> 0.5 | H79: 20894.538 | I79: =H79/F79 -> 0.14882729 | J79: 20894.538 | K79: 20894.538 | L79: =K79/H79 -> 1 | M79: 20894.538 | N79: =M79/D79 -> 0.074413643 | O79: 0 | P79: =O79/D79 -> 0 | Q79: 0 | R79: 20894.538 | S79: 169307.2 | T79: 249060.74 | V79: 215740.94 | Z79: =V79-X79 -> 215740.94 | AB79: 44153.601 | AC79: 217206.57 | AH79: идет проект-ние | AK79: 46748 | AL79: 46646 | AM79: 46761 | AN79: =D79-M79-Z79-AB79-AD79-AF79 -> -7.2759576e-12
B80: Белый Раст | D80: =SUM(D81:D87) -> 2758579.7 | F80: =SUM(F81:F87) -> 943598.32 | G80: =F80/D80 -> 0.34205947 | H80: =SUM(H81:H87) -> 477240.54 | I80: =H80/F80 -> 0.50576662 | J80: =SUM(J81:J87) -> 386156.07 | K80: =SUM(K81:K87) -> 271447.51 | L80: =K80/H80 -> 0.56878553 | M80: =SUM(M81:M87) -> 899233.41 | N80: =M80/D80 -> 0.32597695 | O80: =SUM(O81:O87) -> 627785.9 | P80: =O80/D80 -> 0.22757577 | Q80: =SUM(Q81:Q87) -> 369029.75 | R80: =SUM(R81:R87) -> 634886.4 | S80: =SUM(S81:S87) -> 518393.73 | T80: =SUM(T81:T87) -> 811496.06 | U80: =SUM(U81:U87) -> 0 | V80: =SUM(V81:V87) -> 750761.35 | W80: =SUM(W81:W87) -> 117000 | X80: =SUM(X81:X87) -> 173262.54 | ... AG80: =SUM(AG81:AG87) -> 0 | AN80: =D80-M80-Z80-AB80-AD80-AF80 -> -15819.355
A81: 1 | B81: Строительство подъезда к ВОК в городском округе Котельники Московской области | C81: 24-74 | D81: 240842.31 | E81: СМР+ПИР | F81: 150040.27 | G81: =F81/D81 -> 0.62298138 | H81: 150040.27 | I81: =H81/F81 -> 1 | J81: 143623.58 | K81: 128953.62 | L81: =K81/H81 -> 0.85946002 | M81: 170448.08 | N81: =M81/D81 -> 0.70771652 | O81: 41494.463 | P81: =O81/D81 -> 0.17228893 | Q81: 18817.132 | R81: 156024.02 | S81: 59450.161 | T81: 93062.522 | V81: 78401.593 | X81: 8007.3656 | Z81: =V81-X81 -> 70394.227 | AC81: 250000 | AH81: 0.28 | AI81: 0.9 | AL81: 46367 | AM81: 46367 | AN81: =D81-M81-Z81-AB81-AD81-AF81 -> -1.4551915e-11
A82: 2 | B82: Строительство автомобильной дороги Северный подъезд к городу Лобня Московской области | C82: 24-50 | D82: 544100.69 | E82: СМР+ПИР | F82: 153120.48 | G82: =F82/D82 -> 0.28141937 | H82: 153120.48 | I82: =H82/F82 -> 1 | J82: 148036.69 | K82: 52441.986 | L82: =K82/H82 -> 0.3424884 | M82: 421736.05 | N82: =M82/D82 -> 0.77510664 | O82: 369294.07 | P82: =O82/D82 -> 0.67872377 | Q82: 148028.2 | R82: 261766.16 | S82: 93455.644 | T82: 184000 | V82: 155000 | X82: 154886.11 | Z82: =V82-X82 -> 113.88973 | AB82: 122250.74 | AC82: 584712.67 | AH82: 0.84 | AI82: 0.44 | AK82: 46748 | AL82: 46383 | AM82: 46188 | AN82: =D82-M82-Z82-AB82-AD82-AF82 -> 2.910383e-11
A83: 3 | B83: Строительство автомобильной дороги Северный подъезд к городу Лобня Московской области | C83: 25-117 | D83: 238759.77 | E83: СМР | F83: 71627.93 | G83: =F83/D83 -> 0.3 | H83: 71627.93 | I83: =H83/F83 -> 1 | J83: 71627.93 | K83: 67184.045 | L83: =K83/H83 -> 0.93795876 | M83: 81996.996 | N83: =M83/D83 -> 0.34342887 | O83: 14812.951 | P83: =O83/D83 -> 0.062041237 | Q83: 0 | R83: 71627.93 | S83: 167131.84 | V83: 20000 | X83: 10369.066 | Z83: =V83-X83 -> 9630.9341 | AB83: 147131.84 | AI83: 0.44 | AN83: =D83-M83-Z83-AB83-AD83-AF83 -> 0
A84: 4 | B84: Строительство подъезда к школе в ЖК «Лобня-Сити» в городском округе Лобня Московской области | C84: 24-30 | D84: 202184.42 | E84: СМР+ПИР | F84: 109001.89 | G84: =F84/D84 -> 0.5391211 | H84: 79583.995 | I84: =H84/F84 -> 0.73011576 | J84: 0 | K84: 0 | L84: =K84/H84 -> 0 | M84: 202184.42 | N84: =M84/D84 -> 1 | O84: 202184.42 | P84: =O84/D84 -> 1 | Q84: 202184.42 | R84: 122600.42 | T84: 15819.355 | V84: 15819.355 | Z84: =V84-X84 -> 15819.355 | AH84: движение запущено | AL84: 45535 | AM84: 45890 | AN84: =D84-M84-Z84-AB84-AD84-AF84 -> -15819.355
A85: 5 | B85: Реконструкция подъезда к парку Малевича в Одинцовском городском округе Московской области. 3 этап | C85: 25-70 | D85: 258380.58 | E85: СМР+ПИР | F85: 77514.174 | G85: =F85/D85 -> 0.3 | H85: 4031.8904 | I85: =H85/F85 -> 0.052014879 | J85: 4031.8904 | K85: 4031.8904 | L85: =K85/H85 -> 1 | M85: 4031.8904 | N85: =M85/D85 -> 0.015604464 | O85: 0 | P85: =O85/D85 -> 0 | Q85: 0 | R85: 4031.8904 | S85: 95526.019 | T85: 69268.11 | V85: 59407.744 | Z85: =V85-X85 -> 59407.744 | AA85: 100000 | AB85: 100000 | AC85: 100000 | AD85: 94940.947 | AE85: 181102 | AH85: идет проект-ние | AK85: 46022 | AL85: 46744 | AM85: 47148 | AN85: =D85-M85-Z85-AB85-AD85-AF85 -> 1.4551915e-11
A86: 6 | B86: Строительство автомобильной дороги Белый Раст - "Хлебниково-Рогачево" в Дмитровском городском округе Московской области. 1 этап. Строительство одноуровневой развязки на пересечении автомобильной дороги А-107 "ММК" и местного переезда вблизи д. Кузяево | C86: 25-88 | D86: 526797.77 | E86: СМР+ПИР | F86: 158039.33 | G86: =F86/D86 -> 0.3 | H86: 8239.5405 | I86: =H86/F86 -> 0.052136013 | J86: 8239.5405 | K86: 8239.5405 | L86: =K86/H86 -> 1 | M86: 8239.5405 | N86: =M86/D86 -> 0.015640804 | O86: 0 | P86: =O86/D86 -> 0 | Q86: 0 | R86: 8239.5405 | S86: 42425.595 | T86: 21760.459 | V86: 19225.595 | W86: 117000 | Z86: =V86-X86 -> 19225.595 | AA86: 476132.63 | AB86: 99332.632 | AC86: 100000 | AD86: 400000 | AE86: 400000 | AH86: идет проект-ние | AK86: 46744 | AL86: 46744 | AM86: 46747 | AN86: =D86-M86-Z86-AB86-AD86-AF86 -> -5.8207661e-11
A87: 7 | B87: Строительство автомобильной дороги с целью обеспечения транспортной доступности АНО «Школа «Президент» в д. Жуковка Одинцовского городского округа Московской области | C87: 25-69 | D87: 747514.18 | E87: СМР+ПИР | F87: 224254.25 | G87: =F87/D87 -> 0.3 | H87: 10596.434 | I87: =H87/F87 -> 0.047251876 | J87: 10596.434 | K87: 10596.434 | L87: =K87/H87 -> 1 | M87: 10596.434 | N87: =M87/D87 -> 0.014175563 | O87: 0 | P87: =O87/D87 -> 0 | Q87: 0 | R87: 10596.434 | S87: 60404.47 | T87: 427585.62 | V87: 402907.06 | Z87: =V87-X87 -> 402907.06 | AA87: 676513.27 | AB87: 334010.68 | AC87: 334010.68 | AH87: идет проект-ние | AI87: 0 | AJ87: да | AL87: 46745 | AM87: 46732 | AN87: =D87-M87-Z87-AB87-AD87-AF87 -> 4.0000305e-06
B88: Барстт | D88: =SUM(D89:D90) -> 653212.29 | F88: =SUM(F89:F90) -> 95527.699 | G88: =F88/D88 -> 0.14624296 | H88: =SUM(H89:H90) -> 95527.7 | I88: =H88/F88 -> 1 | J88: =SUM(J89:J90) -> 77426.72 | K88: =SUM(K89:K90) -> 62763.383 | L88: =K88/H88 -> 0.65701763 | M88: =SUM(M89:M90) -> 183344.26 | N88: =M88/D88 -> 0.28068097 | O88: =SUM(O89:O90) -> 120580.87 | P88: =O88/D88 -> 0.18459676 | Q88: =SUM(Q89:Q90) -> 113978.33 | R88: =SUM(R89:R90) -> 165243.28 | S88: =SUM(S89:S90) -> 383887.89 | T88: =SUM(T89:T90) -> 240533.09 | U88: =SUM(U89:U90) -> 24082.566 | V88: =SUM(V89:V90) -> 184048.87 | W88: =SUM(W89:W90) -> 0 | X88: =SUM(X89:X90) -> 0 | ... AG88: =SUM(AG89:AG90) -> 0 | AN88: =D88-M88-Z88-AB88-AD88-AF88 -> -0.00037000008
A89: 1 | B89: Строительство участка улиц Гризодубовой и Анохина в г.о. Жуковский Московской области | C89: 24-63 | D89: 156122.95 | E89: СМР | F89: 46836.887 | G89: =F89/D89 -> 0.3 | H89: 46836.887 | I89: =H89/F89 -> 1 | J89: 31224.591 | K89: 16561.254 | L89: =K89/H89 -> 0.35359426 | M89: 102074.09 | N89: =M89/D89 -> 0.65380575 | O89: 85512.832 | P89: =O89/D89 -> 0.54772748 | Q89: 78910.286 | R89: 86461.791 | T89: 59533.091 | V89: 54048.869 | Z89: =V89-X89 -> 54048.869 | AH89: 0.84 | AJ89: да | AL89: 46017 | AM89: 45631 | AN89: =D89-M89-Z89-AB89-AD89-AF89 -> -0.00037000002
A90: 2 | B90: Реконструкция перекрестка на ул. Жилинской в р.п. Андреевка Московской области | C90: 24-55 | D90: 497089.33 | E90: СМР+ПИР | F90: 48690.813 | G90: =F90/D90 -> 0.097951836 | H90: 48690.813 | I90: =H90/F90 -> 1 | J90: 46202.129 | K90: 46202.129 | L90: =K90/H90 -> 0.94888802 | M90: 81270.17 | N90: =M90/D90 -> 0.16349208 | O90: 35068.041 | P90: =O90/D90 -> 0.070546759 | Q90: 35068.041 | R90: 78781.486 | S90: 383887.89 | T90: 181000 | U90: 24082.566 | V90: 130000 | Z90: =V90-X90 -> 130000 | AB90: 285819.16 | AC90: 380519.81 | AH90: идет проект-ние | AI90: 0.86 | AJ90: да | AK90: 46748 | AL90: 46376 | AM90: 46387 | AN90: =D90-M90-Z90-AB90-AD90-AF90 -> -5.8207661e-11
B91: Силич | D91: =D92 -> 526938.58 | F91: =F92 -> 247661.13 | G91: =F91/D91 -> 0.47 | H91: =H92 -> 246866.75 | I91: =H91/F91 -> 0.99679247 | J91: =J92 -> 88785.178 | K91: =K92 -> 76549.001 | L91: =K91/H91 -> 0.31008226 | M91: =M92 -> 449875.03 | N91: =M91/D91 -> 0.85375232 | O91: =O92 -> 373326.03 | P91: =O91/D91 -> 0.70848111 | Q91: =Q92 -> 282862.64 | R91: =R92 -> 282862.64 | S91: =S92 -> 77063.546 | T91: =T92 -> 130245.84 | U91: =U92 -> 0 | V91: =V92 -> 77063.546 | W91: =W92 -> 0 | X91: =X92 -> 0 | ... AG91: =AG92 -> 0 | AN91: =D91-M91-Z91-AB91-AD91-AF91 -> -2.910383e-11
A92: 1 | B92: Строительство разноуровневого пешеходного перехода через железнодорожные пути в районе улицы Кольцевая, дом 15 в городском округе Лобня Московской области | C92: 24-26 | D92: 526938.58 | E92: СМР | F92: 247661.13 | G92: =F92/D92 -> 0.47 | H92: 246866.75 | I92: =H92/F92 -> 0.99679247 | J92: 88785.178 | K92: 76549.001 | L92: =K92/H92 -> 0.31008226 | M92: 449875.03 | N92: =M92/D92 -> 0.85375232 | O92: 373326.03 | P92: =O92/D92 -> 0.70848111 | Q92: 282862.64 | R92: 282862.64 | S92: 77063.546 | T92: 130245.84 | V92: 77063.546 | Z92: =V92-X92 -> 77063.546 | AH92: 0.95 | AI92: 1 | AJ92: да | AK92: 46381 | AL92: 46021 | AM92: 45986 | AN92: =D92-M92-Z92-AB92-AD92-AF92 -> -2.910383e-11
B93: АНТАРЕС С | D93: =D94 -> 522435.25 | F93: =F94 -> 156730.58 | G93: =F93/D93 -> 0.3 | H93: =H94 -> 156730.58 | I93: =H93/F93 -> 1 | J93: =J94 -> 73815.012 | K93: =K94 -> 126425.81 | L93: =K93/H93 -> 0.8066442 | M93: =M94 -> 225300.35 | N93: =M93/D93 -> 0.43125029 | O93: =O94 -> 98847.542 | P93: =O93/D93 -> 0.18920535 | Q93: =Q94 -> 38324.843 | R93: =R94 -> 100000 | S93: =S94 -> 422435.25 | T93: =T94 -> 362394.19 | U93: =U94 -> 81672.261 | V93: =V94 -> 272938.79 | W93: =W94 -> 180000 | X93: =X94 -> 125300.35 | ... AG93: =AG94 -> 0 | AN93: =D93-M93-Z93-AB93-AD93-AF93 -> 5.9999962e-05
A94: 1 | B94: Строительство разноуровневого пешеходного перехода через железнодорожные пути у станции Подлипки-Дачные в городском округе Королев Московской области | C94: 25-83 | D94: 522435.25 | E94: СМР | F94: 156730.58 | G94: =F94/D94 -> 0.3 | H94: 156730.58 | I94: =H94/F94 -> 1 | J94: 73815.012 | K94: 126425.81 | L94: =K94/H94 -> 0.8066442 | M94: 225300.35 | N94: =M94/D94 -> 0.43125029 | O94: 98847.542 | P94: =O94/D94 -> 0.18920535 | Q94: 38324.843 | R94: 100000 | S94: 422435.25 | T94: 362394.19 | U94: 81672.261 | V94: 272938.79 | W94: 180000 | X94: 125300.35 | Y94: 82915.563 | Z94: =V94-X94 -> 147638.44 | AB94: 149496.46 | AC94: 150000 | AH94: 0.01 | AI94: 0.83 | AJ94: да | AK94: 46568 | AL94: 46568 | AM94: 46397 | AN94: =D94-M94-Z94-AB94-AD94-AF94 -> 5.9999962e-05
B95: Еврострой | D95: =D96 -> 274979.45 | F95: =F96 -> 137489.72 | G95: =F95/D95 -> 0.5 | H95: =H96 -> 7581.544 | I95: =H95/F95 -> 0.055142624 | J95: =J96 -> 7581.5441 | K95: =K96 -> 7581.544 | L95: =K95/H95 -> 1 | M95: =M96 -> 7581.544 | N95: =M95/D95 -> 0.027571312 | O95: =O96 -> 0 | P95: =O95/D95 -> 0 | Q95: =Q96 -> 0 | R95: =R96 -> 7581.544 | S95: =S96 -> 87581.544 | T95: =T96 -> 98418.456 | U95: =U96 -> 0 | V95: =V96 -> 71581.544 | W95: =W96 -> 0 | X95: =X96 -> 0 | ... AG95: =AG96 -> 0 | AN95: =D95-M95-Z95-AB95-AD95-AF95 -> 0
A96: 1 | B96: Строительство подъезда к базе отдыха «Жостово» в городском округе Мытищи Московской области | C96: 25-50 | D96: 274979.45 | E96: СМР+ПИР | F96: 137489.72 | G96: =F96/D96 -> 0.5 | H96: 7581.544 | I96: =H96/F96 -> 0.055142624 | J96: 7581.5441 | K96: 7581.544 | L96: =K96/H96 -> 1 | M96: 7581.544 | N96: =M96/D96 -> 0.027571312 | O96: 0 | P96: =O96/D96 -> 0 | Q96: 0 | R96: 7581.544 | S96: 87581.544 | T96: 98418.456 | V96: 71581.544 | Z96: =V96-X96 -> 71581.544 | AA96: 179816.36 | AB96: 195816.36 | AC96: 226000 | AH96: идет проект-ние | AL96: 46418 | AM96: 46715 | AN96: =D96-M96-Z96-AB96-AD96-AF96 -> 0
B97: Инжиниринг Групп | D97: =D98 -> 788938.2 | F97: =F98 -> 556090.38 | G97: =F97/D97 -> 0.70485924 | H97: =H98 -> 22000.005 | I97: =H97/F97 -> 0.039561923 | J97: =J98 -> 22000.005 | K97: =K98 -> 22000.005 | L97: =K97/H97 -> 1 | M97: =M98 -> 22000.005 | N97: =M97/D97 -> 0.027885587 | O97: =O98 -> 0 | P97: =O97/D97 -> 0 | Q97: =Q98 -> 0 | R97: =R98 -> 22000.005 | S97: =S98 -> 530000 | T97: =T98 -> 113003.29 | U97: =U98 -> 30888.22 | V97: =V98 -> 77450.194 | W97: =W98 -> 91000 | X97: =X98 -> 0 | ... AG97: =AG98 -> 0 | AN97: =D97-M97-Z97-AB97-AD97-AF97 -> -0.0044999999
A98: 1 | B98: Строительство автомобильной дороги местного значения п. Денежниково - с. Петровское в Раменском городском округе | C98: 46228 | D98: 788938.2 | E98: СМР+ПИР | F98: 556090.38 | G98: =F98/D98 -> 0.70485924 | H98: 22000.005 | I98: =H98/F98 -> 0.039561923 | J98: 22000.005 | K98: 22000.005 | L98: =K98/H98 -> 1 | M98: 22000.005 | N98: =M98/D98 -> 0.027885587 | O98: 0 | P98: =O98/D98 -> 0 | Q98: 0 | R98: 22000.005 | S98: 530000 | T98: 113003.29 | U98: 30888.22 | V98: 77450.194 | W98: 91000 | Z98: =V98-X98 -> 77450.194 | AA98: 538180.76 | AB98: 689488.01 | AC98: 1309877.6 | AH98: идет проект-ние | AI98: 0 | AJ98: да | AL98: 46670 | AM98: 46742 | AN98: =D98-M98-Z98-AB98-AD98-AF98 -> -0.0044999999
B99: ЕКС | D99: =SUM(D100:D101) -> 4325702.8 | F99: =SUM(F100:F101) -> 1297710.9 | G99: =F99/D99 -> 0.3 | H99: =SUM(H100:H101) -> 69561.057 | I99: =H99/F99 -> 0.053602894 | J99: =SUM(J100:J101) -> 69561.057 | K99: =SUM(K100:K101) -> 109311.05 | L99: =K99/H99 -> 1.5714404 | M99: =SUM(M100:M101) -> 109311.05 | N99: =M99/D99 -> 0.025270125 | O99: =SUM(O100:O101) -> 0 | P99: =O99/D99 -> 0 | Q99: =SUM(Q100:Q101) -> 0 | R99: =SUM(R100:R101) -> 69561.057 | S99: =SUM(S100:S101) -> 1176000.3 | T99: =SUM(T100:T101) -> 299971.1 | U99: =SUM(U100:U101) -> 0 | V99: =SUM(V100:V101) -> 277309.13 | W99: =SUM(W100:W101) -> 0 | X99: =SUM(X100:X101) -> 39749.996 | ... AG99: =SUM(AG100:AG101) -> 3100000 | AN99: =D99-M99-Z99-AB99-AD99-AF99 -> 0.0011110008
A100: 1 | B100: Строительство автомобильной дороги «Северный обход г. Истры» - «Андреевское - Полевшина» в муниципальном округе Истра Московской области | C100: 25-71 | D100: 3178785.8 | E100: СМР+ПИР | F100: 953635.74 | G100: =F100/D100 -> 0.3 | H100: 44923.6 | I100: =H100/F100 -> 0.047107714 | J100: 44923.6 | K100: 44923.6 | L100: =K100/H100 -> 1 | M100: 44923.6 | N100: =M100/D100 -> 0.014132314 | O100: 0 | P100: =O100/D100 -> 0 | Q100: 0 | R100: 44923.6 | S100: 1013533.9 | T100: 175076.4 | V100: 159821.73 | Z100: =V100-X100 -> 159821.73 | AA100: 1000000 | AB100: 80000 | AC100: 100000 | AD100: 80000 | AE100: 80000 | AF100: 2814040.5 | AG100: 3100000 | AH100: идет проект-ние | AK100: 47162 | AL100: 46796 | AM100: 47096 | AN100: =D100-M100-Z100-AB100-AD100-AF100 -> 0
A101: 2 | B101: Реконструкция путепровода над автодорогой М-5 «Урал» км 0,741 Лыткаринского шоссе в Люберецком районе Московской области | C101: 25-77 | D101: 1146917 | E101: СМР+ПИР | F101: 344075.11 | G101: =F101/D101 -> 0.3 | H101: 24637.458 | I101: =H101/F101 -> 0.071604881 | J101: 24637.458 | K101: 64387.453 | L101: =K101/H101 -> 2.6133968 | M101: 64387.453 | N101: =M101/D101 -> 0.056139591 | O101: 0 | P101: =O101/D101 -> 0 | Q101: 0 | R101: 24637.458 | S101: 162466.47 | T101: 124894.7 | V101: 117487.4 | X101: 39749.996 | Z101: =V101-X101 -> 77737.405 | AA101: 959813.11 | AB101: 1004792.2 | AC101: 1004792.2 | AH101: идет проект-ние | AK101: 46721 | AL101: 46721 | AM101: 46725 | AN101: =D101-M101-Z101-AB101-AD101-AF101 -> 0.0011110002
...

Sheet СМР
A1: Объекты строительства
S2: =S6+S113 -> 1.7046656e+08 | T2: =T6+T113 -> 54007714 | U2: =T2/S2 -> 0.31682293 | V2: =V6+V113 -> 45669502 | W2: =V2/S2 -> 0.26790886 | X2: =X6+X113 -> 15920497 | Y2: =X2/S2 -> 0.093393666 | Z2: =Z6+Z113 -> 60734386 | AA2: =AA6+AA113 -> 14282619 | AB2: =AB6+AB113 -> 8338212.2 | AC2: =AB2/S2 -> 0.048914065 | AD2: =AD6+AD113 -> 8089901.3 | AE2: =AE6+AE113 -> 3536305.9 | AF2: =AE2/S2 -> 0.020744866 | AG2: =AG6+AG113 -> 154886.11 | AH2: =AG2/S2 -> 0.00090860115 | AN2: =AN6+AN113 -> 4.570364e+08 | AO2: =AO6+AO113 -> 42623769 | AP2: =AP6+AP113 -> 32711658 | AQ2: =AQ6+AQ113 -> 42308446 | AR2: =AR6+AR113 -> 57053448 | AS2: =AS6+AS113 -> 46897339 | AT2: =AT6+AT113 -> 74778844 | AU2: =AU6+AU113 -> 1.8523164e+08 | AV2: =AV6+AV113 -> 34230190
A3: № п/п | B3: № п/п | C3: Мероприятие | D3: ОМСУ | E3: Объект | F3: Мощность/ прирост мощности объекта дорожного хозяйства | H3: Контракт дата заключения | I3: Контракт № | J3: Подрядчик | K3: Строительная готовность 22.05., % | L3: Строительная готовность 29.05., % | M3: Динамика за неделю, % | N3: Кол-во рабочих | O3: Кол-во техники | P3: МОГЭ | Q3: Статус ДПТ | R3: ЗУ | S3: Цена контракта, тыс.руб. | T3: Оплачено всего, тыс.руб. | U3: Оплачено всего, % | V3: Аванс, тыс.руб. | W3: Аванс, % | X3: Принято, тыс.руб. | Y3: Принято,% | Z3: Аванс по ГК, тыс.руб. | AA3: Остаток аванса к оплате, тыс.руб. | AB3: Оплата за вычетом аванса, тыс. руб. | AC3: Оплата за вычетом аванса, % | AD3: Оплачено 2026, тыс руб. | AE3: Аванс 2026, тыс.руб. | AF3: Аванс 2026, % | AG3: Оплата за вычетом аванса 2026, тыс.руб. | AH3: Оплата за вычетом аванса 2026, % | AI3: Кассовый разрыв | AJ3: Срок действия ГК | AK3: Источники финансирования | AL3: Сроки по ГП (ввод) | AM3: Открытие по ГП | AN3: Стоимость объекта | AO3: Профинансиро- вано на 01.01.2025 (тыс. руб.) | AP3: 2025 | AQ3: 2026 | AR3: 2027 | AS3: 2028 | AT3: 2029 | AU3: Остаток сметной стоимости до ввода | AV3: Остаток лимитов 2026
F5: км | G5: пог. м
S6: =S9+S15+S36+S42+S58+S76+S87 -> 1.7046656e+08 | T6: =T9+T15+T36+T42+T58+T76+T87 -> 54007714 | U6: =T6/S6 -> 0.31682293 | V6: =V9+V15+V36+V42+V58+V76+V87 -> 45669502 | W6: =V6/S6 -> 0.26790886 | X6: =X9+X15+X36+X42+X58+X76+X87 -> 15920497 | Y6: =X6/S6 -> 0.093393666 | Z6: =Z9+Z15+Z36+Z42+Z58+Z76+Z87 -> 60734386 | AA6: =AA9+AA15+AA36+AA42+AA58+AA76+AA87 -> 14282619 | AB6: =AB9+AB15+AB36+AB42+AB58+AB76+AB87 -> 8338212.2 | AC6: =AB6/S6 -> 0.048914065 | AD6: =AD9+AD15+AD36+AD42+AD58+AD76+AD87 -> 8089901.3 | AE6: =AE9+AE15+AE36+AE42+AE58+AE76+AE87 -> 3536305.9 | AF6: =AE6/S6 -> 0.020744866 | AG6: =AG9+AG15+AG36+AG42+AG58+AG76+AG87 -> 154886.11 | AH6: =AG6/S6 -> 0.00090860115 | AN6: =AN9+AN15+AN36+AN42+AN58+AN76+AN87 -> 2.6715758e+08 | AO6: =AO9+AO15+AO36+AO42+AO58+AO76+AO87 -> 35459573 | AP6: =AP9+AP15+AP36+AP42+AP58+AP76+AP87 -> 32542667 | AQ6: =AQ9+AQ15+AQ36+AQ42+AQ58+AQ76+AQ87 -> 32757640 | AR6: =AR9+AR15+AR36+AR42+AR58+AR76+AR87 -> 44943260 | AS6: =AS9+AS15+AS36+AS42+AS58+AS76+AS87 -> 44971161 | AT6: =AT9+AT15+AT36+AT42+AT58+AT76+AT87 -> 72442814 | AU6: =AU9+AU15+AU36+AU42+AU58+AU76+AU87 -> -0.00039999932 | AV6: =AV9+AV15+AV36+AV42+AV58+AV76+AV87 -> 24679385
A7: ОБЪЕКТЫ ФБ/ИБК/КИК 2026
S8: =S9+S15 -> 22219462 | T8: =T9+T15 -> 9597035.1 | U8: =T8/S8 -> 0.43192022 | V8: =V9+V15 -> 7889046.7 | W8: =V8/S8 -> 0.35505119 | X8: =X9+X15 -> 2991961.8 | Y8: =X8/S8 -> 0.134655 | AB8: =AB9+AB15 -> 1707988.5 | AD8: =AD9+AD15 -> 1207518 | AN8: =AN9+AN15 -> 37313426 | AO8: =AO9+AO15 -> 13263747 | AP8: =AP9+AP15 -> 5060206 | AQ8: =AQ9+AQ15 -> 9679816 | AR8: =AR9+AR15 -> 6966104.4 | AS8: =AS9+AS15 -> 2343551.9 | AT8: =AT9+AT15 -> 0 | AU8: =AU9+AU15 -> 0 | AV8: =AV9+AV15 -> 8483944.1
S9: =SUM(S10:S13) -> 11188649 | T9: =SUM(T10:T13) -> 6033619.1 | U9: =T9/S9 -> 0.53926251 | V9: =SUM(V10:V13) -> 5135584.6 | W9: =V9/S9 -> 0.45899952 | X9: =SUM(X10:X13) -> 1808893.5 | Y9: =X9/S9 -> 0.1616722 | Z9: =SUM(Z10:Z13) -> 6286713 | AA9: =SUM(AA10:AA13) -> 1151128.4 | AB9: =SUM(AB10:AB13) -> 898034.46 | AC9: =AB9/S9 -> 0.080262992 | AD9: =SUM(AD10:AD13) -> 0 | AE9: =SUM(AE10:AE13) -> 0 | AF9: =AE9/S9 -> 0 | AG9: =SUM(AG10:AG13) -> 0 | AH9: =AG9/S9 -> 0 | AN9: =SUM(AN10:AN13) -> 20799485 | AO9: =SUM(AO10:AO13) -> 12595091 | AP9: =SUM(AP10:AP13) -> 2412305.9 | AQ9: =SUM(AQ10:AQ13) -> 4537023.2 | AR9: =SUM(AR10:AR13) -> 1182865.3 | AS9: =SUM(AS10:AS13) -> 72200 | AT9: =SUM(AT10:AT13) -> 0 | AU9: =SUM(AU10:AU13) -> 0 | AV9: =SUM(AV10:AV13) -> 4537023.2
A10: 1 | B10: 1 | C10: 01.10 | D10: Лобня | E10: Реконструкция автомобильной дороги «А-104 «Москва - Дмитров - Дубна» - Поведники» на участке км 0 - км 2,74 (Афанасовское шоссе) КИК | F10: 4.00154 | H10: 44872 | I10: № 1/2022-77 | J10: ООО "ПФ "ВИС" | K10: 0.86 | L10: 0.86 | M10: =L10-K10 -> 0 | N10: 24 | O10: 11 | P10: 45894 | Q10: Утверждено | R10: 1 | S10: 3548732.6 | T10: =2732000.55157-3098.60949 -> 2728901.9 | U10: =T10/S10 -> 0.76897932 | V10: 2471263 | W10: =V10/S10 -> 0.69637905 | X10: 634328.91 | Y10: =X10/S10 -> 0.17874802 | Z10: 2484112.8 | AA10: =Z10-V10 -> 12849.785 | AB10: =T10-V10 -> 257638.93 | AC10: =AB10/S10 -> 0.072600266 | AD10: 0 | AE10: 0 | AF10: =AE10/S10 -> 0 | AG10: 0 | AH10: =AG10/U10 -> 0 | AI10: =U10-L10 -> -0.091020685 | AJ10: 11.01.2026 | AK10: ДФ МО | AL10: 02.07.2018- 27.12.2028 | AM10: 46356 | AN10: 8728017.5 | AO10: 6972779.2 | AP10: 715721.03 | AQ10: 899966.22 | AR10: 97432.053 | AS10: 42119 | AT10: 0 | AU10: 0 | AV10: =AQ10-AD10 -> 899966.22 | AW10: https://zakupki.gov.ru/epz/contract/contractCard/common-info.html?reestrNumber=2502415352722000101 | AX10: 2502415352722000101 пи
A11: 2 | B11: 2 | C11: 01.10 | D11: Наро-Фоминский | E11: Строительство путепровода на автомобильной дороге «г.п. Апрелевка, ул. Апрелевская» у пл. Апрелевка, Наро-Фоминский го ФБ | F11: 2.07595 | G11: 273 | H11: 46003 | I11: № 1/2025-127 | J11: АО "СТРОЙТРАНСГАЗ" | K11: 0.45 | L11: 0.45 | M11: =L11-K11 -> 0 | N11: 23 | O11: 4 | P11: декабрь 2020. Выполняется корректировка, план получения - 2 кв.2026 | Q11: Утверждено | R11: 0.97 | S11: 3312365.1 | T11: 861244.23 | U11: =T11/S11 -> 0.26000885 | V11: 861244.23 | W11: =V11/S11 -> 0.26000885 | X11: 0 | Y11: 0 | Z11: 1656182.6 | AA11: =Z11-V11 -> 794938.32 | AB11: =T11-V11 -> 0 | AC11: =AB11/S11 -> 0 | AD11: 0 | AE11: 0 | AF11: =AE11/S11 -> 0 | AG11: 0 | AH11: =AG11/U11 -> 0 | AI11: =U11-L11 -> -0.18999115 | AJ11: 15.04.2027 | AK11: ФБ ДФ МО | AL11: 30.07.2019- 31.12.2027 | AM11: 46356 | AN11: 5343237.1 | AO11: 1846515.1 | AP11: 890339.68 | AQ11: 2112884.3 | AR11: 493498.05 | AS11: 0 | AT11: 0 | AU11: 0 | AV11: =AQ11-AD11 -> 2112884.3 | AW11: https://zakupki.gov.ru/epz/contract/contractCard/common-info.html?reestrNumber=2502415352725000168 | AX11: 2502415352725000168 пи
A12: 3 | B12: 3 | C12: 01.10 | D12: Красногорск | E12: Строительство путепровода на 0+820 км автодороги ул. Опалиха, г. Красногорск, мкр. Опалиха ФБ | F12: 1.97469 | G12: 136.76 | H12: 45947 | I12: № 1/2025-95 | J12: АО "СТРОЙТРАНСГАЗ" | K12: 0.45 | L12: 0.45 | M12: =L12-K12 -> 0 | N12: 40 | O12: 7 | P12: 43763 | Q12: Утверждено | R12: 1 | S12: 1704671.5 | T12: 569565.68 | U12: =T12/S12 -> 0.3341205 | V12: 569565.68 | W12: =V12/S12 -> 0.3341205 | X12: 0 | Y12: =X12/S12 -> 0 | Z12: 852335.73 | AA12: =Z12-V12 -> 282770.05 | AB12: =T12-V12 -> 0 | AC12: =AB12/S12 -> 0 | AD12: 0 | AE12: 0 | AF12: =AE12/S12 -> 0 | AG12: 0 | AH12: =AG12/U12 -> 0 | AI12: =U12-L12 -> -0.1158795 | AJ12: 18.01.2027 | AK12: ФБ ДФ МО | AL12: 14.05.2019- 31.12.2027 | AM12: 46356 | AN12: 3979181 | AO12: 2037580.4 | AP12: 583427.89 | AQ12: 1154172.7 | AR12: 204000 | AS12: 0 | AT12: 0 | AU12: 0 | AV12: =AQ12-AD12 -> 1154172.7 | AW12: https://zakupki.gov.ru/epz/contract/contractCard/common-info.html?reestrNumber=2502415352725000137 | AX12: 2502415352725000137 пи
A13: 4 | B13: 4 | C13: 01.10 | D13: Мытищи | E13: Реконструкция автомобильной дороги Пироговское шоссе на участке от автомобильной дороги Волковское шоссе до автомобильной дороги «Виноградово - Болтино - Тарасовка» в городском округе Мытищи Московской области ИБК | F13: 2.15463 | G13: 79.2 | H13: 44537 | I13: № 1/2021-41 | J13: ООО "ИФСК "АРКС" | K13: 0.85 | L13: 0.85 | M13: =L13-K13 -> 0 | N13: 10 | O13: 2 | P13: 44741 | Q13: Утверждено | R13: 1 | S13: 2622880.2 | T13: 1873907.3 | U13: =T13/S13 -> 0.71444639 | V13: 1233511.7 | W13: =V13/S13 -> 0.47028901 | X13: 1174564.6 | Y13: =X13/S13 -> 0.44781482 | Z13: 1294081.9 | AA13: =Z13-V13 -> 60570.209 | AB13: =T13-V13 -> 640395.54 | AC13: =AB13/S13 -> 0.24415738 | AD13: 0 | AE13: 0 | AF13: =AE13/S13 -> 0 | AG13: 0 | AH13: =AG13/U13 -> 0 | AI13: =U13-L13 -> -0.13555361 | AJ13: 46418 | AK13: ДФ МО | AL13: 07.12.2021- 27.12.2028 | AM13: 46371 | AN13: 2749049.8 | AO13: 1738216.3 | AP13: 222817.32 | AQ13: 370000 | AR13: 387935.19 | AS13: 30081 | AT13: 0 | AU13: 0 | AV13: =AQ13-AD13 -> 370000 | AW13: https://zakupki.gov.ru/epz/contract/contractCard/common-info.html?reestrNumber=2502415352721000085 | AX13: 2502415352721000085 пи
A14: 2026
S15: =SUM(S16:S33) -> 11030813 | T15: =SUM(T16:T33) -> 3563416 | U15: =T15/S15 -> 0.32304201 | V15: =SUM(V16:V33) -> 2753462 | W15: =V15/S15 -> 0.24961551 | X15: =SUM(X16:X33) -> 1183068.3 | Y15: =X15/S15 -> 0.10725123 | Z15: =SUM(Z16:Z33) -> 4276044.6 | AA15: =SUM(AA16:AA33) -> 1522582.6 | AB15: =SUM(AB16:AB33) -> 809954.01 | AC15: =AB15/S15 -> 0.073426501 | AD15: =SUM(AD16:AD33) -> 1207518 | AE15: =SUM(AE16:AE33) -> 539648.18 | AF15: =AE15/S15 -> 0.048921886 | AG15: =SUM(AG16:AG33) -> 154886.11 | AH15: =AG15/S15 -> 0.014041223 | AN15: =SUM(AN16:AN33) -> 16513940 | AO15: =SUM(AO16:AO33) -> 668656.44 | AP15: =SUM(AP16:AP33) -> 2647900 | AQ15: =SUM(AQ16:AQ33) -> 5142792.8 | AR15: =SUM(AR16:AR33) -> 5783239.1 | AS15: =SUM(AS16:AS33) -> 2271351.9 | AT15: =SUM(AT16:AT33) -> 0 | AU15: =SUM(AU16:AU33) -> 0 | AV15: =SUM(AV16:AV33) -> 3946920.8
A16: 5 | B16: 1 | C16: 01.10 | D16: Наро-Фоминский | E16: Строительство подъезда к оптово-распределительному центру «Селятино» в Наро-Фоминском городском округе Московской области | F16: 3.1 | H16: 45751 | I16: № 1/2025-05 | J16: ООО ТК «РУСЛАН-1» | K16: 0.06 | L16: 0.06 | M16: =L16-K16 -> 0 | N16: 4 | O16: 6 | P16: На рассмотрении в МОГЭ. План получения - 02.2026 | Q16: Утверждено | R16: 0 | S16: 1811942.2 | T16: =116613.24219+11100.82106+180998.35788 -> 308712.42 | U16: =T16/S16 -> 0.17037653 | V16: =116613.24219+11100.82106+180998.35788 -> 308712.42 | W16: =V16/S16 -> 0.17037653 | X16: 0 | Y16: =X16/S16 -> 0 | Z16: 905971.09 | AA16: =Z16-V16 -> 597258.67 | AB16: =T16-V16 -> 0 | AC16: =AB16/S16 -> 0 | AD16: =100000+11100.82106+180998.35788 -> 292099.18 | AE16: 100000 | AF16: =AE16/S16 -> 0.055189399 | AG16: 0 | AH16: =AG16/S16 -> 0 | AI16: =U16-L16 -> 0.11037653 | AJ16: 46707 | AK16: ДФ МО | AL16: 01.02.2025 - 31.03.2028 | AM16: 46646 | AN16: 2304970 | AO16: 0 | AP16: 21687.318 | AQ16: 521119.62 | AR16: 660811.17 | AS16: 1101351.9 | AT16: 0 | AU16: 0 | AV16: =AQ16-AD16 -> 229020.44 | AW16: https://zakupki.gov.ru/epz/contract/contractCard/common-info.html?reestrNumber=2502415352725000010 | AX16: 2502415352725000010 пи
A17: 6 | B17: 2 | C17: 01.10 | D17: Одинцовский | E17: Строительство подъезда к ТПУ Сколково в Одинцовском городском округе Московской области | F17: 1.13738 | H17: 45415 | I17: № 1/2024-18 | J17: ООО ТК «РУСЛАН-1» | K17: 0.3861 | L17: 0.39 | M17: =L17-K17 -> 0.0039 | N17: 20 | O17: 6 | P17: 45651 | S17: 1621821.9 | T17: 652721.42 | U17: =T17/S17 -> 0.40246183 | V17: 429374.22 | W17: =V17/S17 -> 0.26474807 | X17: 302683.82 | Y17: =X17/S17 -> 0.18663197 | Z17: 429374.22 | AA17: =Z17-V17 -> 0 | AB17: =T17-V17 -> 223347.2 | AC17: =AB17/S17 -> 0.13771376 | AD17: =14890.20543+3416.463+661.93709+4451.74573 -> 23420.351 | AE17: 0 | AF17: =AE17/S17 -> 0 | AG17: 0 | AH17: =AG17/S17 -> 0 | AI17: =U17-L17 -> 0.012461828 | AJ17: 46178 | AK17: ДФ МО | AL17: 03.05.2024 - 27.12.2028 | AM17: 46178 | AN17: 1944671.4 | AO17: 114073.51 | AP17: 644717.85 | AQ17: 293000 | AR17: 732880.03 | AS17: 160000 | AT17: 0 | AU17: 0 | AV17: =AQ17-AD17 -> 269579.65 | AW17: https://zakupki.gov.ru/epz/contract/contractCard/common-info.html?reestrNumber=2502415352724000018 | AX17: 2502415352724000018 пи
A18: 7 | B18: 3 | C18: 01.10 | D18: Мытищи | E18: Реконструкция Осташковского шоссе на участке от автомобильной дороги Виноградово - Болтино - Тарасовка до автомобильной дороги Осташковское шоссе -д. Ульянково в городском округе Мытищи Московской области | F18: 1.62272 | H18: 45561 | I18: № 1/2024-57 | J18: ООО "ПФ "ВИС" | K18: 0.154 | L18: 0.16 | M18: =L18-K18 -> 0.006 | N18: 13 | O18: 5 | P18: 46014 | Q18: Утверждено | R18: 0.4 | S18: 1302925.4 | T18: 390877.61 | U18: =T18/S18 -> 0.3 | V18: 390877.61 | W18: =V18/S18 -> 0.3 | X18: 0 | Y18: =X18/S18 -> 0 | Z18: 390877.61 | AA18: =Z18-V18 -> 0 | AB18: =T18-V18 -> 0 | AC18: =AB18/S18 -> 0 | AD18: 0 | AE18: 0 | AF18: =AE18/S18 -> 0 | AG18: 0 | AH18: =AG18/S18 -> 0 | AI18: =U18-L18 -> 0.14 | AJ18: 46681 | AK18: ДФ МО | AL18: 26.09.2024 - 27.12.2028 | AM18: 46692 | AN18: 1904463.3 | AO18: 23578.163 | AP18: 386292.03 | AQ18: 332977.2 | AR18: 810615.89 | AS18: 351000 | AT18: 0 | AU18: 0 | AV18: =AQ18-AD18 -> 332977.2 | AW18: https://zakupki.gov.ru/epz/contract/contractCard/common-info.html?reestrNumber=2502415352724000077 | AX18: 2502415352724000077 пи
A19: 8 | B19: 4 | C19: 01.10 | D19: Красногорск | E19: Строительство автомобильной дороги регионального значения Волоколамское шоссе - Нахабино в городском округе Красногорск Московской области. 1 этап | F19: 0.43 | H19: 45608 | I19: № 1/2024-76 | J19: ООО "РОУД ГРУПП" | K19: 0.65 | L19: 0.65 | M19: =L19-K19 -> 0 | N19: 37 | O19: 7 | P19: 46016 | S19: 901195.09 | T19: 211292.35 | U19: =T19/S19 -> 0.23445795 | V19: 109132.49 | W19: =V19/S19 -> 0.12109752 | X19: 151152.21 | Y19: =X19/S19 -> 0.16772419 | Z19: 468593.04 | AA19: =Z19-V19 -> 359460.55 | AB19: =T19-V19 -> 102159.86 | AC19: =AB19/S19 -> 0.11336043 | AD19: =10672.06081+8218.69154+24073.79319+48172.0337+9098.95556+750.53962+1173.7894 -> 102159.86 | AE19: 0 | AF19: =AE19/S19 -> 0 | AG19: 0 | AH19: =AG19/S19 -> 0 | AI19: =U19-L19 -> -0.41554205 | AJ19: 46748 | AK19: ДФ МО | AL19: 20.11.2024 - 27.12.2028 | AM19: 46748 | AN19: 1618000 | AO19: 14132.49 | AP19: 105319.49 | AQ19: 313424.86 | AR19: 526123.16 | AS19: 659000 | AT19: 0 | AU19: 0 | AV19: =AQ19-AD19 -> 211265 | AW19: https://zakupki.gov.ru/epz/contract/contractCard/common-info.html?reestrNumber=2502415352724000101 | AX19: 2502415352724000101 пи
A20: 9 | B20: 5 | C20: 01.10 | D20: Лобня | E20: Строительство автомобильной дороги Северный подъезд к городу Лобня Московской области (1 и 3 этапы) | F20: 1.2868 | H20: 45629 | I20: № 1/2024-50 | J20: ООО "АБЗ БЕЛЫЙ РАСТ" | K20: 0.87 | L20: 0.87 | M20: =L20-K20 -> 0 | N20: 10 | O20: 4 | P20: 45853 | S20: 544100.69 | T20: 421736.05 | U20: =T20/S20 -> 0.77510664 | V20: 153120.48 | W20: =V20/S20 -> 0.28141937 | X20: 369294.07 | Y20: =X20/S20 -> 0.67872377 | Z20: 153120.48 | AA20: =Z20-V20 -> 0 | AB20: =T20-V20 -> 268615.58 | AC20: =AB20/S20 -> 0.49368726 | AD20: =909.19272+39833.69239+478.75673+106079.39733+3566.0886+4018.9825 -> 154886.11 | AE20: 0 | AF20: =AE20/S20 -> 0 | AG20: =AD20-AE20 -> 154886.11 | AH20: =AG20/S20 -> 0.28466443 | AI20: =U20-L20 -> -0.094893364 | AJ20: 46188 | AK20: ДФ МО | AL20: 03.12.2024 - 27.12.2027 | AM20: 46721 | AN20: 1156180.1 | AO20: 5083.782 | AP20: 382383.62 | AQ20: 184000 | AR20: 584712.67 | AS20: 0 | AT20: 0 | AU20: 0 | AV20: =AQ20-AD20 -> 29113.89 | AW20: https://zakupki.gov.ru/epz/contract/contractCard/common-info.html?reestrNumber=2502415352724000104 | AX20: 2502415352724000104 пи
A21: 10 | B21: 6 | C21: 01.10 | D21: Истра | E21: Строительство транспортной развязки в одном уровне на пересечении автомобильных дорог М-9 «Балтия» и «Аносино - Покровское» в городском округе Истра Московской области | F21: 3,58731 | H21: 45866 | I21: № 1/2025-60 | J21: ООО "РОУД ГРУПП" | K21: Работы не начаты | P21: июль 2026 | S21: 942039.37 | T21: 125424.37 | U21: =T21/S21 -> 0.13314133 | V21: 125424.37 | W21: =V21/S21 -> 0.13314133 | X21: 0 | Y21: =X21/S21 -> 0 | Z21: 471019.68 | AA21: =Z21-V21 -> 345595.31 | AB21: =T21-V21 -> 0 | AC21: =AB21/S21 -> 0 | AD21: 111000 | AE21: 111000 | AF21: =AE21/S21 -> 0.11782947 | AG21: 0 | AH21: =AG21/S21 -> 0 | AI21: =U21-L21 -> 0.13314133 | AJ21: 46707 | AK21: ДФ МО | AL21: 20.06.2022- 27.12.2027 | AM21: 46660 | AN21: 1028662.9 | AO21: 49391.23 | AP21: 14424.373 | AQ21: 245168.24 | AR21: 719679.06 | AS21: 0 | AT21: 0 | AU21: 0 | AV21: =AQ21-AD21 -> 134168.24 | AW21: https://zakupki.gov.ru/epz/contract/contractCard/common-info.html?reestrNumber=2502415352725000087 | AX21: 2502415352725000087 пи
A22: 11 | B22: 7 | C22: 05.07 | D22: Одинцовский | E22: Строительство разноуровневого пешеходного перехода через железнодорожные пути в районе ЖК Рублевский в Одинцовском городском округе Московской области | H22: 46010 | I22: № 1/2025-131 | J22: ООО "МОСТЭНЕРГОСТРОЙ" | K22: 0.15 | L22: 0.15 | M22: =L22-K22 -> 0 | N22: 19 | O22: 2 | P22: 45383 | Q22: Утверждено | R22: 1 | S22: 518876.97 | T22: 155663.09 | U22: =T22/S22 -> 0.3 | V22: 155663.09 | W22: =V22/S22 -> 0.3 | X22: 0 | Y22: =X22/S22 -> 0 | Z22: 155663.09 | AA22: =Z22-V22 -> 0 | AB22: =T22-V22 -> 0 | AC22: =AB22/S22 -> 0 | AD22: 122581.27 | AE22: 122581.27 | AF22: =AE22/S22 -> 0.23624341 | AG22: 0 | AH22: =AG22/S22 -> 0 | AI22: =U22-L22 -> 0.15 | AJ22: 46383 | AK22: ДФ МО | AL22: 01.03.23- 25.12.27 | AM22: 46746 | AN22: 960607.95 | AO22: 234758.89 | AP22: 211584.22 | AQ22: 404264.84 | AR22: 110000 | AS22: 0 | AT22: 0 | AU22: 0 | AV22: =AQ22-AD22 -> 281683.58 | AW22: https://zakupki.gov.ru/epz/contract/contractCard/common-info.html?reestrNumber=2502415352725000172 | AX22: 2502415352725000172 пи
A23: 12 | B23: 8 | C23: 02.04. | D23: Котельники | E23: Строительство и реконструкция проезда 4638 в городском округе Котельники Московской области | H23: 45632 | I23: № 1/2024-81 | J23: АО "ДиМ" | K23: 0.01 | L23: 0.08 | M23: =L23-K23 -> 0.07 | N23: 12 | O23: 3 | P23: 46000 | Q23: Утверждено | R23: 0.29 | S23: 765893.46 | T23: 129000 | U23: =T23/S23 -> 0.16843074 | V23: 129000 | W23: =V23/S23 -> 0.16843074 | X23: 0 | Y23: =X23/S23 -> 0 | Z23: 229768.04 | AA23: =Z23-V23 -> 100768.04 | AB23: =T23-V23 -> 0 | AC23: =AB23/S23 -> 0 | AD23: 0 | AE23: 0 | AF23: =AE23/S23 -> 0 | AG23: 0 | AH23: =AG23/S23 -> 0 | AI23: =U23-L23 -> 0.088430738 | AJ23: 46408 | AK23: ДФ МО | AL23: 06.12.24- 28.02.27 | AM23: 46446 | AN23: 880918.23 | AO23: 10000 | AP23: 122900.03 | AQ23: 740884.52 | AR23: 7133.677 | AS23: 0 | AT23: 0 | AU23: 0 | AV23: =AQ23-AD23 -> 740884.52 | AW23: https://zakupki.gov.ru/epz/contract/contractCard/common-info.html?reestrNumber=2502415352724000105 | AX23: 2502415352724000105 пи
A24: 13 | B24: 9 | C24: 02.04. | D24: Балашиха | E24: Реконструкция ул. Шестая на участке от ул. Струве до ул. Главная в городском округе Балашиха Московской области | H24: 45642 | I24: № 1/2024-86 | J24: АО "МСУ 1" | K24: 0.15 | L24: 0.15 | M24: =L24-K24 -> 0 | N24: 0 | O24: 2 | P24: План получения - 05.2026 | Q24: Утверждено | R24: 1 | S24: 341829.43 | T24: 102548.83 | U24: =T24/S24 -> 0.3 | V24: 102548.83 | W24: =V24/S24 -> 0.3 | X24: 0 | Y24: =X24/S24 -> 0 | Z24: 102548.83 | AA24: =Z24-V24 -> 0 | AB24: =T24-V24 -> 0 | AC24: =AB24/S24 -> 0 | AD24: 0 | AE24: 0 | AF24: =AE24/S24 -> 0 | AG24: 0 | AH24: =AG24/S24 -> 0 | AI24: =U24-L24 -> 0.15 | AJ24: 46763 | AK24: ДФ МО | AL24: 01.02.25 - 16.09.27 | AM24: 46646 | AN24: 800000 | AO24: 0 | AP24: 106192.07 | AQ24: 235320.01 | AR24: 458487.92 | AS24: 0 | AT24: 0 | AU24: 0 | AV24: =AQ24-AD24 -> 235320.01 | AW24: https://zakupki.gov.ru/epz/contract/contractCard/common-info.html?reestrNumber=2502415352724000111 | AX24: 2502415352724000111 пи
A25: 14 | B25: 10 | C25: 02.04. | D25: Одинцовский | E25: Реконструкция проезда в д. Жуковка в Одинцовском городском округе Московской области | J25: Расторгнут 13.01.2026 АО "МОДЦ" | AK25: ДФ МО | AL25: 01.05.26- 28.12.26 | AM25: 46384 | AN25: 759019.54 | AO25: 0 | AP25: 0 | AQ25: 759019.54 | AR25: 0 | AS25: 0 | AT25: 0 | AU25: 0 | AV25: =AQ25-AD25 -> 759019.54 | AW25: https://zakupki.gov.ru/epz/contract/contractCard/common-info.html?reestrNumber=3503221929923000030 | AX25: 3503221929923000030 пи
A26: 15 | B26: 11 | C26: 01.10 | D26: Красногорск | E26: Реконструкция автомобильной дороги д. Сабурово в городском округе Красногорск Московской области | F26: 0.39781 | H26: 45637 | I26: № 1/2024-84 | J26: ООО "МАГИСТРАЛЬ" | K26: 0.36 | L26: 0.43 | M26: =L26-K26 -> 0.07 | N26: 9 | O26: 3 | P26: 45863 | S26: 465608.28 | T26: 271650.4 | U26: =T26/S26 -> 0.58343122 | V26: 138797.5 | W26: =V26/S26 -> 0.29809929 | X26: 182018.07 | Y26: =X26/S26 -> 0.39092533 | Z26: 138797.5 | AA26: =Z26-V26 -> 0 | AB26: =T26-V26 -> 132852.91 | AC26: =AB26/S26 -> 0.28533193 | AD26: =271650.40336-4.65197-1874.17753-9989.58095-113062.07785 -> 146719.92 | AE26: 0 | AF26: =AE26/S26 -> 0 | AG26: 0 | AH26: =AG26/S26 -> 0 | AI26: =U26-L26 -> 0.15343122 | AJ26: 46483 | AK26: ДФ МО | AL26: 12.07.2022- 27.12.2027 | AM26: 46483 | AN26: 548015.35 | AO26: 41172.175 | AP26: 124634.37 | AQ26: 207457.95 | AR26: 174750.86 | AS26: 0 | AT26: 0 | AU26: 0 | AV26: =AQ26-AD26 -> 60738.035 | AW26: https://zakupki.gov.ru/epz/contract/contractCard/common-info.html?reestrNumber=2502415352724000108 | AX26: 2502415352724000108 пи
A27: 16 | B27: 12 | C27: 02.04. | D27: Котельники | E27: Строительство подъезда к ВОК в городском округе Котельники Московской области | H27: 45601 | I27: № 1/2024-74 | J27: ООО «АБЗ БЕЛЫЙ РАСТ» | K27: 0.35 | L27: 0.35 | M27: =L27-K27 -> 0 | N27: 6 | O27: 1 | P27: 45888 | Q27: Утверждено | R27: 0.9 | S27: 240842.31 | T27: =314071.65871-143623.58061 -> 170448.08 | U27: =T27/S27 -> 0.70771652 | V27: =293663.85178-143623.58061 -> 150040.27 | W27: =V27/S27 -> 0.62298138 | X27: 41494.463 | Y27: =X27/S27 -> 0.17228893 | Z27: 150040.27 | AA27: =Z27-V27 -> 0 | AB27: =T27-V27 -> 20407.807 | AC27: =AB27/S27 -> 0.084735142 | AD27: 8007.3656 | AE27: 0 | AF27: =AE27/S27 -> 0 | AG27: 0 | AH27: =AG27/S27 -> 0 | AI27: =U27-L27 -> 0.35771652 | AJ27: 46367 | AK27: ДФ МО | AL27: 05.11.24- 11.12.27 | AM27: 46367 | AN27: 509000 | AO27: 6416.691 | AP27: 159520.79 | AQ27: 93062.522 | AR27: 250000 | AS27: 0 | AT27: 0 | AU27: 0 | AV27: =AQ27-AD27 -> 85055.156 | AW27: https://zakupki.gov.ru/epz/contract/contractCard/common-info.html?reestrNumber=2502415352724000097 | AX27: 2502415352724000097 пи
A28: 17 | B28: 13 | C28: 02.04. | D28: Балашиха | E28: Реконструкция и строительство ул. Струве на участке от ул. Корнилаева до ул. Рождественская в городском округе Балашиха Московской области | H28: 45649 | I28: № 1/2024-87 | J28: АО "МСУ 1" | K28: 0.03 | L28: 0.03 | M28: =L28-K28 -> 0 | N28: 7 | O28: 4 | P28: План получения - 05.2026 | Q28: Утверждено | R28: 0% (есть изъятие) | S28: 420360.32 | T28: 126108.1 | U28: =T28/S28 -> 0.3 | V28: 126108.1 | W28: =V28/S28 -> 0.3 | X28: 0 | Y28: =X28/S28 -> 0 | Z28: 126108.1 | AA28: =Z28-V28 -> 0 | AB28: =T28-V28 -> 0 | AC28: =AB28/S28 -> 0 | AD28: 0 | AE28: 0 | AF28: =AE28/S28 -> 0 | AG28: 0 | AH28: =AG28/S28 -> 0 | AI28: =U28-L28 -> 0.27 | AJ28: 46739 | AK28: ДФ МО | AL28: 01.02.25 - 16.09.27 | AM28: 46646 | AN28: 500000 | AO28: 0 | AP28: 130036.6 | AQ28: 125001.24 | AR28: 244962.16 | AS28: 0 | AT28: 0 | AU28: 0 | AV28: =AQ28-AD28 -> 125001.24 | AW28: https://zakupki.gov.ru/epz/contract/contractCard/common-info.html?reestrNumber=2502415352724000116 | AX28: 2502415352724000116 пи
A29: 18 | B29: 14 | C29: 02.04. | D29: Балашиха | E29: Строительство ул. Бояринова на участке от автомобильной дороги «Зенино - Павлино» до автомобильной дороги «Солнцево – Бутово – Видное – Каширское шоссе – Молоково – Лыткарино – Томилино –Красково – Железнодорожный» в городском округе Балашиха Московской области | H29: 45756 | I29: № 1/2025-12 | J29: АО "МСУ 1" | K29: Работы не начаты. С 15 мая подготовительные работы. В июне выход на осн. Работы. | P29: План получения - 05.2026 | Q29: Не приступали | R29: 0 | S29: 468746.16 | T29: 234373.08 | U29: =T29/S29 -> 0.5 | V29: 234373.08 | W29: =V29/S29 -> 0.5 | X29: 0 | Y29: =X29/S29 -> 0 | Z29: 234373.08 | AA29: =Z29-V29 -> 0 | AB29: =T29-V29 -> 0 | AC29: =AB29/S29 -> 0 | AD29: 206066.92 | AE29: 206066.92 | AF29: =AE29/S29 -> 0.43961303 | AG29: 0 | AH29: =AG29/S29 -> 0 | AI29: =U29-L29 -> 0.5 | AJ29: 46739 | AK29: ДФ МО | AL29: 01.02.25 - 08.06.27 | AM29: 46546 | AN29: 500000 | AO29: 0 | AP29: 101703.16 | AQ29: 194420.9 | AR29: 203875.95 | AS29: 0 | AT29: 0 | AU29: 0 | AV29: 0 | AW29: https://zakupki.gov.ru/epz/contract/contractCard/common-info.html?reestrNumber=2502415352725000014 | AX29: 2502415352725000014 пи
A30: 19 | B30: 15 | C30: 01.10 | D30: Наро-Фоминский | E30: Реконструкция улично-дорожной сети в районе ул. Спортивная в рп. Селятино в Наро-Фоминском городском округе Московской области | F30: 0.64 | H30: 45771 | I30: №1/2025-15 | J30: ООО ТК «РУСЛАН-1» | K30: Работы не начаты. Предложения Главы убрать из ГП | P30: На рассмотрении в МОГЭ. План получения - 03.2026 | Q30: Утверждено | R30: 1 | S30: 280789.08 | T30: 20894.538 | U30: =T30/S30 -> 0.074413643 | V30: 20894.538 | W30: =V30/S30 -> 0.074413643 | X30: 0 | Y30: =X30/S30 -> 0 | Z30: 140394.54 | AA30: =Z30-V30 -> 119500 | AB30: =T30-V30 -> 0 | AC30: =AB30/S30 -> 0 | AD30: 0 | AE30: 0 | AF30: =AE30/S30 -> 0 | AG30: 0 | AH30: =AG30/S30 -> 0 | AI30: =U30-L30 -> 0.074413643 | AJ30: 46761 | AK30: ДФ МО | AL30: 24.04.2025 - 31.07.2027 | AM30: 46281 | AN30: 487161.85 | AO30: 0 | AP30: 20894.538 | AQ30: 249060.74 | AR30: 217206.57 | AS30: 0 | AT30: 0 | AU30: 0 | AV30: =AQ30-AD30 -> 249060.74 | AW30: https://zakupki.gov.ru/epz/contract/contractCard/common-info.html?reestrNumber=2502415352725000021 | AX30: 2502415352725000021 пи
A31: 20 | B31: 16 | C31: 01.10 | D31: Подольск | E31: Реконструкция автомобильной дороги «Бутово - Щербинка - Домодедово» в городском округе Подольск Московской области. Реконструкция транспортной развязки на пересечении с автомобильной дорогой М-2 «Крым» Этап 1.1 | F31: 1.12 | H31: 45327 | I31: № 1/2024-03 | J31: ООО "ЗАБДОРСТРОЙ" | K31: 0.92 | L31: 0.92 | M31: =L31-K31 -> 0 | N31: 5 | O31: 7 | P31: 45051 | Q31: Утверждено | R31: 1 | S31: 291211.21 | T31: 208176.26 | U31: =T31/S31 -> 0.7148635 | V31: 145605.6 | W31: =V31/S31 -> 0.5 | X31: 136425.7 | Y31: =X31/S31 -> 0.46847682 | Z31: 145605.6 | AA31: =Z31-V31 -> 0 | AB31: =T31-V31 -> 62570.659 | AC31: =AB31/S31 -> 0.2148635 | AD31: =10274.60073+754.90652 -> 11029.507 | AE31: 0 | AF31: =AE31/S31 -> 0 | AG31: 0 | AH31: =AG31/S31 -> 0 | AI31: =U31-L31 -> -0.2051365 | AJ31: 46079 | AK31: ДФ МО | AL31: 15.08.2022- 27.12.2027 | AM31: 46568 | AN31: 374227.43 | AO31: 144252.16 | AP31: 111367.7 | AQ31: 108607.57 | AR31: 10000 | AS31: 0 | AT31: 0 | AU31: 0 | AV31: =AQ31-AD31 -> 97578.064 | AW31: https://zakupki.gov.ru/epz/contract/contractCard/common-info.html?reestrNumber=2502415352724000003 | AX31: 2502415352724000003 пи
A32: 21 | B32: 17 | C32: 01.10 | D32: Красногорск | E32: Реконструкция улицы Народного Ополчения в городе Красногорск Московской области. Этап 3 | F32: 0.23 | H32: 45904 | I32: № 1/2025-76 | J32: ООО "МАГИСТРАЛЬ" | K32: Работы не начаты | P32: 46291 | S32: 112631.4 | T32: 33789.421 | U32: =T32/S32 -> 0.3 | V32: 33789.421 | W32: =V32/S32 -> 0.3 | X32: 0 | Y32: =X32/S32 -> 0 | Z32: 33789.421 | AA32: =Z32-V32 -> 0 | AB32: =T32-V32 -> 0 | AC32: =AB32/S32 -> 0 | AD32: =3607.43118+25940.08553 -> 29547.517 | AE32: 0 | AF32: =AE32/S32 -> 0 | AG32: 0 | AH32: =AG32/S32 -> 0 | AI32: =U32-L32 -> 0.3 | AJ32: 46730 | AK32: ДФ МО | AL32: 10.05.2025- 23.12.2027 | AM32: 46744 | AN32: 130000 | AO32: 0 | AP32: 4241.904 | AQ32: 53758.096 | AR32: 72000 | AS32: 0 | AT32: 0 | AU32: 0 | AV32: =AQ32-AD32 -> 24210.579 | AW32: https://zakupki.gov.ru/epz/contract/contractCard/common-info.html?reestrNumber=2502415352725000114 | AX32: 2502415352725000114 пи
A33: 22 | B33: 18 | C33: 02.04. | D33: Домодедово | E33: Реконструкция участков дорог улицы Промышленная городского округа Домодедово от территории владения «Инвест-Недвижимость» КН 50:28:0010305:19 до въезда на автомобильную дорогу М-4 «Дон» в районе км 34+000(слева) и от владения «ЮГЦЕМСНАБ» до примыкания к автомо-бильной дороге М-4 «Дон» и дороги между земельными участками 50:28:0010305:3; 50:28:0010305:16; 50:28:0010305:77; 50:28:0000000:55863; 50:28:0010305:52; 50:28:0010305:20 с устройством въезда и выезда на автомобильную дорогу Каширское шоссе-Киселиха и дороги на земельных участках 50:28:0000000:53305; 50:28:0000000:52374. 1 этап: реконструкция въезда на автомобильную дорогу М-4 «Дон» в районе км 34+000 (слева) | J33: Расторгнут 30.01.2026 ООО "БАРСТТ" | P33: 45030 | Q33: Утверждено | R33: 1 | AK33: ДФ МО | AL33: 10.09.24- 25.12.26 | AM33: 46381 | AN33: 108042.3 | AO33: 25797.342 | AP33: 0 | AQ33: 82244.962 | AR33: 0 | AS33: 0 | AT33: 0 | AU33: 0 | AV33: =AQ33-AD33 -> 82244.962
A34: ОБЪЕКТЫ ФБ/ИБК/КИК 2027
S35: =S36+S42 -> 36410823 | T35: =T36+T42 -> 17219206 | U35: =T35/S35 -> 0.47291449 | V35: =V36+V42 -> 15253768 | W35: =V35/S35 -> 0.41893499 | X35: =X36+X42 -> 3611595.6 | Y35: =X35/S35 -> 0.099190168 | AD35: =AD36+AD42 -> 468056.39 | AN35: =AN36+AN42 -> 56220911 | AO35: =AO36+AO42 -> 10299005 | AP35: =AP36+AP42 -> 10982399 | AQ35: =AQ36+AQ42 -> 7079127.2 | AR35: =AR36+AR42 -> 10690195 | AS35: =AS36+AS42 -> 12252769 | AT35: =AT36+AT42 -> 2965778.1 | AU35: =AU36+AU42 -> 0 | AV35: =AV36+AV42 -> 6611070.8
S36: =SUM(S37:S40) -> 25729380 | T36: =SUM(T37:T40) -> 14035160 | U36: =T36/S36 -> 0.54549155 | V36: =SUM(V37:V40) -> 12299034 | W36: =V36/S36 -> 0.47801517 | X36: =SUM(X37:X40) -> 3268114 | Y36: =X36/S36 -> 0.12701876 | Z36: =SUM(Z37:Z40) -> 12144278 | AA36: =SUM(AA37:AA40) -> -154756.09 | AB36: =SUM(AB37:AB40) -> 1736125.7 | AC36: =AB36/S36 -> 0.067476388 | AD36: =SUM(AD37:AD40) -> 18217.346 | AE36: =SUM(AE37:AE40) -> 0 | AF36: =AE36/S36 -> 0 | AG36: =SUM(AG37:AG40) -> 0 | AH36: =AG36/S36 -> 0 | AN36: =SUM(AN37:AN40) -> 37946618 | AO36: =SUM(AO37:AO40) -> 7904119.6 | AP36: =SUM(AP37:AP40) -> 8011775.5 | AQ36: =SUM(AQ37:AQ40) -> 3531918.8 | AR36: =SUM(AR37:AR40) -> 6540587.2 | AS36: =SUM(AS37:AS40) -> 7107430.8 | AT36: =SUM(AT37:AT40) -> 2898778.1 | AU36: =SUM(AU37:AU40) -> 0 | AV36: =SUM(AV37:AV40) -> 3513701.5
A37: 23 | B37: 1 | C37: 01.10 | D37: Ленинский | E37: Реконструкция Каширского шоссе на участке км 0 - км 4,4 в Ленинском районе ИБК | F37: 19.2518 | G37: 367.945 | H37: 44762 | I37: № 1/2025-06 | J37: ООО "СТРОЙТРАНСГАЗ" | K37: 0.47 | L37: 0.47 | M37: =L37-K37 -> 0 | N37: 113 | O37: 5 | P37: декабрь 2023 | Q37: Утверждено | R37: 1 | S37: 19683924 | T37: 12893597 | U37: =T37/S37 -> 0.65503188 | V37: 11157472 | W37: =V37/S37 -> 0.56683169 | X37: 3268114 | Y37: =X37/S37 -> 0.1660296 | Z37: 10641056 | AA37: =Z37-V37 -> -516415.43 | AB37: =T37-V37 -> 1736125.7 | AC37: =AB37/S37 -> 0.088200183 | AD37: 0 | AE37: 0 | AF37: =AE37/S37 -> 0 | AG37: 0 | AH37: =AG37/U37 -> 0 | AI37: =U37-L37 -> 0.18503188 | AJ37: 31.01.2028 | AK37: ДФ МО | AL37: 26.08.2014- 27.12.2029 | AM37: 45049 | AN37: 28455109 | AO37: 7813385 | AP37: 7902850.6 | AQ37: 905382.74 | AR37: 1827282 | AS37: 7107430.8 | AT37: 2898778.1 | AU37: 0 | AV37: =AQ37-AD37 -> 905382.74 | AW37: https://zakupki.gov.ru/epz/contract/contractCard/common-info.html?reestrNumber=2502415352722000061 | AX37: 2502415352722000061 пи
H38: 45749 | J38: ООО "ЭНЕРГИЯ ОМ" | S38: 2246690 | T38: 1123345 | U38: =T38/S38 -> 0.5 | V38: 1123345 | W38: =V38/S38 -> 0.5 | X38: 0 | Y38: =X38/S38 -> 0 | Z38: 1123345 | AA38: =Z38-V38 -> 0.00035999995 | AB38: =T38-V38 -> 0 | AC38: =AB38/S38 -> 0 | AD38: 0 | AE38: 0 | AF38: 0 | AG38: 0 | AH38: =AG38/U38 -> 0 | AI38: =U38-L38 -> 0.5 | AJ38: 46380 | AV38: =AQ38-AD38 -> 0 | AX38: 2502415352725000008 пи
A39: 24 | B39: 2 | C39: И8.01 | D39: Сергиево-Посадский | E39: Восточный въезд в ТРК «Сергиев Посад - врата Золотого кольца (транспортная развязка с путепроводом под ж.д. путями с выходом на улицы Вифанская, 1-ая Рыбная)» в г. Сергиев Посад ФБ | F39: 0.667 | H39: 45866 | I39: № 1/2025-59 | J39: ООО "СК "ОРИОН ПЛЮС" | K39: Работы не начаты | P39: "сент.2026 НЕ ОПЛАЧЕН АВАНС ПИР. РИСКИ!" | S39: 3798766.8 | T39: 18217.346 | U39: =T39/S39 -> 0.0047955947 | V39: 18217.346 | W39: =V39/S39 -> 0.0047955947 | X39: 0 | Y39: =X39/S39 -> 0 | Z39: 379876.68 | AA39: =Z39-V39 -> 361659.34 | AB39: =T39-V39 -> 0 | AC39: =AB39/S39 -> 0 | AD39: 18217.346 | AE39: 0 | AF39: =AE39/S39 -> 0 | AG39: 0 | AH39: =AG39/S39 -> 0 | AI39: =U39-L39 -> 0.0047955947 | AJ39: 47452 | AK39: ФБ ДФ МО | AL39: 07.08.2017- 27.12.2027 | AM39: 46721 | AN39: 5232911.9 | AO39: 90734.609 | AP39: 0 | AQ39: 1480550.7 | AR39: 3661626.6 | AS39: 0 | AT39: 0 | AU39: 0 | AV39: =AQ39-AD39 -> 1462333.3 | AW39: https://zakupki.gov.ru/epz/contract/contractCard/common-info.html?reestrNumber=2502415352725000086 | AX39: 2502415352725000086 пи
A40: 25 | B40: 3 | C40: 01.08 01.10 | D40: Ленинский | E40: Строительство автомобильной дороги регионального значения «Каширское шоссе- Молоково- Андреевское» в Ленинском муниципальном районе Московской области. Реконструкция участка автомобильной дороги «М-5 «Урал» - п. Володарского- Каширское шоссе» ИБК | F40: 1.2 | J40: Расторгнут 30.09.2025 ОАО «ХОТЬКОВСКИЙ АТОМОСТ» | K40: 0.3 | L40: 0.3 | M40: =L40-K40 -> 0 | P40: 44511 | AK40: ДФ МО Остаток | AL40: 25.02.2020- 30.12.2026 | AM40: 46386 | AN40: 4258596.5 | AO40: #ERROR! | AP40: 108924.84 | AQ40: 1145985.4 | AR40: 1051678.6 | AS40: 0 | AT40: 0 | AU40: 0 | AV40: =AQ40-AD40 -> 1145985.4 | AW40: https://zakupki.gov.ru/epz/contract/contractCard/common-info.html?reestrNumber=2500000152521000836 | AX40: 2500000152521000836 пи
A41: 2027
S42: =SUM(S43:S56) -> 10681442 | T42: =SUM(T43:T56) -> 3184046.1 | U42: =T42/S42 -> 0.2980914 | V42: =SUM(V43:V56) -> 2954733.6 | W42: =V42/S42 -> 0.27662309 | X42: =SUM(X43:X56) -> 343481.59 | Y42: =X42/S42 -> 0.032156855 | Z42: =SUM(Z43:Z56) -> 4139476.6 | AA42: =SUM(AA43:AA56) -> 1184743 | AB42: =SUM(AB43:AB56) -> 229312.46 | AC42: =AB42/S42 -> 0.021468305 | AD42: =SUM(AD43:AD56) -> 449839.05 | AE42: =SUM(AE43:AE56) -> 254357.81 | AF42: =AE42/S42 -> 0.023813059 | AG42: =SUM(AG43:AG56) -> 0 | AH42: =AG42/S42 -> 0 | AN42: =SUM(AN43:AN56) -> 18274294 | AO42: =SUM(AO43:AO56) -> 2394885 | AP42: =SUM(AP43:AP56) -> 2970623.9 | AQ42: =SUM(AQ43:AQ56) -> 3547208.4 | AR42: =SUM(AR43:AR56) -> 4149608.1 | AS42: =SUM(AS43:AS56) -> 5145338.5 | AT42: =SUM(AT43:AT56) -> 67000 | AU42: =SUM(AU43:AU56) -> 0 | AV42: =SUM(AV43:AV56) -> 3097369.3
A43: 26 | B43: 1 | C43: 01.10 | D43: Одинцовский | E43: Реконструкция автомобильной дороги А-106 Рублево-Успенское шоссе на участке км 0 - км 22 в Московской области для выполнения комплекса локальных мероприятий по подготовке территории строительства | H43: 45775 | I43: №1/2025-19 | J43: АО «МИСК» | K43: 0.03 | L43: 0.03 | M43: =L43-K43 -> 0 | P43: декабрь 2024 | Q43: Утверждено | R43: 0.37 | S43: 1472467.3 | T43: 832841.84 | U43: =T43/S43 -> 0.56560975 | V43: 806078.79 | W43: =V43/S43 -> 0.5474341 | X43: 69189.878 | Y43: =X43/S43 -> 0.046989078 | Z43: 806078.79 | AA43: =Z43-V43 -> 0 | AB43: =T43-V43 -> 26763.046 | AC43: =AB43/S43 -> 0.018175648 | AD43: 26763.046 | AE43: 0 | AF43: =AE43/S43 -> 0 | AG43: 0 | AH43: =AG43/S43 -> 0 | AI43: =U43-L43 -> 0.53560975 | AJ43: 46965 | AK43: ДФ МО | AL43: 05.02.2024- 20.02.2028 | AM43: 46568 | AN43: 3986854.2 | AO43: 725460.67 | AP43: 1388373.6 | AQ43: 347573.17 | AR43: 200000 | AS43: 1325446.8 | AT43: 0 | AU43: 0 | AV43: =AQ43-AD43 -> 320810.12 | AW43: https://zakupki.gov.ru/epz/contract/contractCard/common-info.html?reestrNumber=2502415352725000022 | AX43: 2502415352725000022 пи
A44: 27 | B44: 2 | C44: 01.10 | D44: Ленинский | E44: Строительство автомобильной дороги МКАД - аэропорт Домодедово - Коробово в Ленинском городском округе Московской области | F44: 2.20237 | H44: 45342 | I44: № 1/2024-09 | J44: АО "СТРОЙТРАНСГАЗ" | K44: 0.01 | L44: 0.01 | M44: =L44-K44 -> 0 | N44: 7 | O44: 0 | P44: 45627 | S44: 2197700.2 | T44: 777894.38 | U44: =T44/S44 -> 0.35395837 | V44: 692477.6 | W44: =V44/S44 -> 0.31509193 | X44: 126633.41 | Y44: =X44/S44 -> 0.057620877 | Z44: 697849.43 | AA44: =Z44-V44 -> 5371.8268 | AB44: =T44-V44 -> 85416.783 | AC44: =AB44/S44 -> 0.03886644 | AD44: 0 | AE44: 0 | AF44: =AE44/S44 -> 0 | AG44: 0 | AH44: =AG44/S44 -> 0 | AI44: =U44-L44 -> 0.34395837 | AJ44: 46783 | AK44: ДФ МО | AL44: 01.06.2024- 27.12.2029 | AM44: 46557 | AN44: 2924000 | AO44: 697281.78 | AP44: 159462.85 | AQ44: 253000 | AR44: 280000 | AS44: 1467255.4 | AT44: 67000 | AU44: 0 | AV44: =AQ44-AD44 -> 253000 | AW44: https://zakupki.gov.ru/epz/contract/contractCard/common-info.html?reestrNumber=2502415352724000010 | AX44: 2502415352724000010 пи
A45: 28 | B45: 3 | C45: 01.10 | D45: Черноголовка | E45: Строительство автомобильной дороги А-103 «Щелковское шоссе» - Черноголовка-МБК в го Черноголовка 1 этап | F45: 1.67 | H45: 45882 | I45: № 1/2025-67 | J45: ООО "РОУД ГРУПП" | P45: 46321 | S45: 1513647.4 | T45: 34548.132 | U45: =T45/S45 -> 0.022824425 | V45: 34548.132 | W45: =V45/S45 -> 0.022824425 | X45: 0 | Y45: =X45/S45 -> 0 | Z45: 756823.69 | AA45: =Z45-V45 -> 722275.56 | AB45: =T45-V45 -> 0 | AC45: =AB45/S45 -> 0 | AD45: 15886.214 | AE45: 15886.214 | AF45: =AE45/S45 -> 0.01049532 | AG45: 0 | AH45: =AG45/S45 -> 0 | AI45: =U45-L45 -> 0.022824425 | AJ45: 47088 | AK45: ДФ МО | AL45: 10.05.2025- 27.12.2028 | AM45: 46744 | AN45: 1905000 | AO45: 0 | AP45: 18661.918 | AQ45: 116803.78 | AR45: 85000 | AS45: 1684534.3 | AT45: 0 | AU45: 0 | AV45: =AQ45-AD45 -> 100917.56 | AW45: https://zakupki.gov.ru/epz/contract/contractCard/common-info.html?reestrNumber=2502415352725000100 | AX45: 2502415352725000100 пи
A46: 29 | B46: 4 | C46: 01.10 | D46: Мытищи | E46: Реконструкция ул. Угольная в г.Мытищи Московской области | F46: 1.45601 | J46: Расторгнут 25.02.2026 ООО "ЗАБДОРСТРОЙ" | K46: 0.45 | L46: 0.45 | M46: =L46-K46 -> 0 | P46: 45285 | AK46: ДФ МО | AL46: 27.12.2022- 30.04.2027 | AM46: 46721 | AN46: 1903455.9 | AO46: 377401.29 | AP46: 89845.734 | AQ46: 646308.63 | AR46: 789900.27 | AS46: 0 | AT46: 0 | AU46: 0 | AV46: =AQ46-AD46 -> 646308.63 | AW46: https://zakupki.gov.ru/epz/contract/contractCard/common-info.html?reestrNumber=2502415352724000082 | AX46: 2502415352724000082 пи
A47: 30 | B47: 5 | C47: 02.04. | D47: Балашиха | E47: Строительство ул. Главная на участках от ул. Шестая до ул. Корнилаева, от Проектируемого проезда №4 до ул. Пригородная в городском округе Балашиха Московской области | H47: 45751 | I47: № 1/2025-10 | J47: АО "МСУ-1" | P47: 46266 | S47: 1677250 | T47: 838624.99 | U47: =T47/S47 -> 0.5 | V47: 838624.99 | W47: =V47/S47 -> 0.5 | X47: 0 | Y47: =X47/S47 -> 0 | Z47: 838624.99 | AA47: =Z47-V47 -> 0 | AB47: =T47-V47 -> 0 | AC47: =AB47/S47 -> 0 | AD47: 0 | AE47: 0 | AF47: =AE47/S47 -> 0 | AG47: 0 | AH47: =AG47/S47 -> 0 | AI47: =U47-L47 -> 0.5 | AJ47: 46652 | AK47: ДФ МО | AL47: 01.02.25 - 08.06.27 | AM47: 46546 | AN47: 1800000 | AO47: 0 | AP47: 838624.99 | AQ47: 116726.92 | AR47: 844648.09 | AS47: 0 | AT47: 0 | AU47: 0 | AV47: =AQ47-AD47 -> 116726.92 | AW47: https://zakupki.gov.ru/epz/contract/contractCard/common-info.html?reestrNumber=2502415352725000009 | AX47: 2502415352725000009 пи
A48: 31 | B48: 6 | C48: 01.10 | D48: Красногорск | E48: Строительство автомобильной дороги Пятницкое шоссе (новое направление) - Сабурово в городском округе Красногорск Московской области | F48: 1.01477 | H48: 44760 | I48: № 1/2022-50 | J48: ООО ИФСК«АРКС» | K48: 0.03 | L48: 0.03 | M48: =L48-K48 -> 0 | N48: 0 | O48: 0 | P48: 45267 | S48: 974781.63 | T48: =183015.51216-4074.90504 -> 178940.61 | U48: =T48/S48 -> 0.18356994 | V48: 130377.76 | W48: =V48/S48 -> 0.13375073 | X48: 48783.753 | Y48: =X48/S48 -> 0.050045827 | Z48: 131425.09 | AA48: =Z48-V48 -> 1047.3325 | AB48: =T48-V48 -> 48562.851 | AC48: =AB48/S48 -> 0.04981921 | AD48: 0 | AE48: 0 | AF48: =AE48/S48 -> 0 | AG48: 0 | AH48: =AG48/S48 -> 0 | AI48: =U48-L48 -> 0.15356994 | AJ48: 46417 | AK48: ДФ МО | AL48: 18.07.2022- 27.12.2028 | AM48: 46721 | AN48: 1502492.2 | AO48: 250125.2 | AP48: 169065.91 | AQ48: 101000 | AR48: 495301.04 | AS48: 487000 | AT48: 0 | AU48: 0 | AV48: =AQ48-AD48 -> 101000 | AW48: https://zakupki.gov.ru/epz/contract/contractCard/common-info.html?reestrNumber=2502415352722000059 | AX48: 2502415352722000059 пи
A49: 32 | B49: 7 | C49: 05.07 | D49: Одинцовский | E49: Строительство разноуровневого пешеходного перехода через железнодорожные пути в районе улицы Баковская и улицы Вокзальная в Одинцовском городском округе Московской области | H49: 46010 | I49: № 1/2025-132 | J49: ООО "МОСТЭНЕРГОСТРОЙ" | K49: 0.2 | L49: 0.2 | M49: =L49-K49 -> 0 | N49: 20 | O49: 1 | P49: 45383 | Q49: Утверждено | R49: 1 | S49: 526157.74 | T49: 157847.32 | U49: =T49/S49 -> 0.3 | V49: 157847.32 | W49: =V49/S49 -> 0.3 | X49: 0 | Y49: =X49/S49 -> 0 | Z49: 157847.32 | AA49: =Z49-V49 -> 0 | AB49: =T49-V49 -> 0 | AC49: =AB49/S49 -> 0 | AD49: 125857.88 | AE49: 125857.88 | AF49: =AE49/S49 -> 0.23920181 | AG49: 0 | AH49: =AG49/S49 -> 0 | AI49: =U49-L49 -> 0.1 | AJ49: 46383 | AK49: ДФ МО | AL49: 01.03.23- 25.12.27 | AM49: 46746 | AN49: 896380.26 | AO49: 226795.4 | AP49: 148275.67 | AQ49: 402309.18 | AR49: 119000 | AS49: 0 | AT49: 0 | AU49: 0 | AV49: =AQ49-AD49 -> 276451.3 | AW49: https://zakupki.gov.ru/epz/contract/contractCard/common-info.html?reestrNumber=2502415352725000171 | AX49: 2502415352725000171 пи
A50: 33 | B50: 8 | C50: 02.04. | D50: Одинцовский | E50: Строительство автомобильной дороги с целью обеспечения транспортной доступности АНО «Школа «Президент» в д. Жуковка Одинцовского городского округа Московской области | H50: 45891 | I50: № 1/2025-69 | J50: ООО «АБЗ БЕЛЫЙ РАСТ» | P50: 10.02.2026 подано заявление на ЭКУ | Q50: Утверждено | R50: 0 | S50: 747514.18 | T50: 10596.434 | U50: =T50/S50 -> 0.014175563 | V50: 10596.434 | W50: =V50/S50 -> 0.014175563 | X50: 0 | Y50: =X50/S50 -> 0 | Z50: 224254.25 | AA50: =Z50-V50 -> 213657.82 | AB50: =T50-V50 -> 0 | AC50: =AB50/S50 -> 0 | AD50: 0 | AE50: 0 | AF50: =AE50/S50 -> 0 | AG50: 0 | AH50: =AG50/S50 -> 0 | AI50: =U50-L50 -> 0.014175563 | AJ50: 46732 | AK50: ДФ МО | AL50: 30.06.25-24.12.27 | AM50: 46745 | AN50: 772192.73 | AO50: 0 | AP50: 10596.434 | AQ50: 427585.62 | AR50: 334010.68 | AS50: 0 | AT50: 0 | AU50: 0 | AV50: =AQ50-AD50 -> 427585.62 | AW50: https://zakupki.gov.ru/epz/contract/contractCard/common-info.html?reestrNumber=2502415352725000102 | AX50: 2502415352725000102 пи
A51: 34 | B51: 9 | C51: 05.07 | D51: Королев | E51: Строительство разноуровневого пешеходного перехода через железнодорожные пути у станции Подлипки-Дачные в городском округе Королев Московской области | H51: 45910 | I51: № 1/2025-83 | J51: ООО "АНТАРЕС С" | K51: 0.2 | L51: 0.21 | M51: =L51-K51 -> 0.01 | N51: 23 | O51: 5 | P51: 45819 | S51: 522435.25 | T51: 225300.35 | U51: =T51/S51 -> 0.43125029 | V51: 156730.58 | W51: =V51/S51 -> 0.3 | X51: 98874.542 | Y51: =X51/S51 -> 0.18925703 | Z51: 156730.58 | AA51: =Z51-V51 -> 0 | AB51: =T51-V51 -> 68569.777 | AC51: =AB51/S51 -> 0.13125029 | AD51: =126333.39819+38743.46871+1175.36541+1866.26645+347.31874+252.36995 -> 168718.19 | AE51: 0 | AF51: =AE51/S51 -> 0 | AG51: 0 | AH51: =AG51/S51 -> 0 | AI51: =U51-L51 -> 0.22125029 | AJ51: 46397 | AK51: ОБ | AL51: 19.04.24- 30.06.27 | AM51: 46568 | AN51: 660215.99 | AO51: 14943.242 | AP51: 132878.57 | AQ51: 362394.19 | AR51: 150000 | AS51: 0 | AT51: 0 | AU51: 0 | AV51: =AQ51-AD51 -> 193676 | AW51: https://zakupki.gov.ru/epz/contract/contractCard/common-info.html?reestrNumber=2502415352725000116 | AX51: 2502415352725000116 пи
A52: 35 | B52: 10 | C52: 01.10 | D52: Бронницы | E52: Строительство подъезда к земельным участкам для многодетных семей в Раменском городском округе, городском округе Бронницы Московской области | F52: 0.68 | H52: 46097 | I52: № 1/2026-21 | J52: ООО "МАГИСТРАЛЬ" | P52: декабрь 2026 | S52: 375379.05 | T52: 112613.72 | U52: =T52/S52 -> 0.3 | V52: 112613.72 | W52: =V52/S52 -> 0.3 | X52: 0 | Y52: =X52/S52 -> 0 | Z52: 112613.72 | AA52: =Z52-V52 -> 2.0000007e-05 | AB52: 0 | AC52: 0 | AD52: 112613.72 | AE52: 112613.72 | AF52: =AE52/S52 -> 0.3 | AG52: 0 | AH52: 0 | AI52: =U52-L52 -> 0.3 | AJ52: 46762 | AK52: ДФ МО | AL52: 10.03.2026- 27.12.2027 | AM52: 46748 | AN52: 568789.85 | AO52: 0 | AP52: 0 | AQ52: 137014.34 | AR52: 431775.51 | AS52: 0 | AT52: 0 | AU52: 0 | AV52: =AQ52-AD52 -> 24400.627 | AW52: https://zakupki.gov.ru/epz/contract/contractCard/common-info.html?reestrNumber=2502415352726000023 | AX52: 2502415352726000023 пи
A53: 36 | B53: 11 | C53: 01.10 | D53: Одинцовский | E53: Реконструкция участка автомобильной дороги по адресу: Московская область, Одинцовский район, городское поселение Одинцово, город Одинцово, проезд к дому отдыха «Полет» | F53: 0.95385 | J53: Расторгнут 02.06.2025 по соглашению сторон с АО "МОСКОВСКИЙ ОБЛАСТНОЙ ДОРОЖНЫЙ ЦЕНТР" | P53: 44462 | AK53: ДФ МО | AL53: 05.11.2020- 27.12.2027 | AM53: 46748 | AN53: 518880.77 | AO53: 102877.37 | AP53: 0 | AQ53: 398806 | AR53: 17197.393 | AS53: 0 | AT53: 0 | AU53: 0 | AV53: =AQ53-AD53 -> 398806
A54: 37 | B54: 12 | C54: 01.10 02.04 | D54: Одинцовский | E54: Реконструкция подъезда к парку Малевича в Одинцовском городском округе Московской области. 3 этап 2 | H54: 45912 | I54: № 1/2025-70 | J54: ООО "АБЗ БЕЛЫЙ РАСТ" | P54: 46382 | S54: 258380.58 | T54: 4031.8904 | U54: =T54/S54 -> 0.015604464 | V54: 4031.8904 | W54: =V54/S54 -> 0.015604464 | X54: 0 | Y54: =X54/S54 -> 0 | Z54: 77514.174 | AA54: =Z54-V54 -> 73482.284 | AB54: =T54-V54 -> 0 | AC54: =AB54/S54 -> 0 | AD54: 0 | AE54: 0 | AF54: =AE54/S54 -> 0 | AG54: 0 | AH54: =AG54/S54 -> 0 | AI54: =U54-L54 -> 0.015604464 | AJ54: 47148 | AK54: ДФ МО | AL54: 10.05.2025- 31.12.2025 | AM54: 46744 | AN54: 354031.89 | AO54: 0 | AP54: 4031.89 | AQ54: 69268.11 | AR54: 100000 | AS54: 181102 | AT54: 0 | AU54: 0 | AV54: =AQ54-AD54 -> 69268.11 | AW54: https://zakupki.gov.ru/epz/contract/contractCard/common-info.html?reestrNumber=2502415352725000117 | AX54: 2502415352725000117 пи
A55: 38 | B55: 13 | C55: 02.04. | D55: Мытищи | E55: Строительство подъезда к базе отдыха «Жостово» в городском округе Мытищи Московской области | H55: 45839 | I55: № 1/2025-50 | J55: ООО "ЕВРОСТРОЙ" | P55: План получения - 2 кв.2026 | S55: 274979.45 | T55: 7581.5441 | U55: =T55/S55 -> 0.027571312 | V55: 7581.5441 | W55: =V55/S55 -> 0.027571312 | X55: 0 | Y55: =X55/S55 -> 0 | Z55: 137489.72 | AA55: =Z55-V55 -> 129908.18 | AB55: =T55-V55 -> 0 | AC55: =AB55/S55 -> 0 | AD55: 0 | AE55: 0 | AF55: =AE55/S55 -> 0 | AG55: 0 | AH55: =AG55/S55 -> 0 | AI55: =U55-L55 -> 0.027571312 | AJ55: 46715 | AK55: ДФ МО | AL55: 01.02.25- 30.09.27 | AM55: 46660 | AN55: 332000 | AO55: 0 | AP55: 7581.544 | AQ55: 98418.456 | AR55: 226000 | AS55: 0 | AT55: 0 | AU55: 0 | AV55: =AQ55-AD55 -> 98418.456 | AW55: https://zakupki.gov.ru/epz/contract/contractCard/common-info.html?reestrNumber=2502415352725000071 | AX55: 2502415352725000071 пи
A56: 39 | B56: 14 | C56: 02.04. | D56: Истра | E56: Строительство обхода СНТ «Кино» в районе д. Ламоново в муниципальном округе Истра Московской области | H56: 45901 | I56: №1/2025-75 | J56: ООО "РОУД ГРУПП" | P56: План получения - 05.2026 | Q56: Утверждено | R56: 0 | S56: 140749.48 | T56: 3224.8438 | U56: =T56/S56 -> 0.022911941 | V56: 3224.8438 | W56: =V56/S56 -> 0.022911941 | X56: 0 | Y56: =X56/S56 -> 0 | Z56: 42224.844 | AA56: =Z56-V56 -> 39000 | AB56: =T56-V56 -> 0 | AC56: =AB56/S56 -> 0 | AD56: 0 | AE56: 0 | AF56: =AE56/S56 -> 0 | AG56: 0 | AH56: =AG56/S56 -> 0 | AI56: =U56-L56 -> 0.022911941 | AJ56: 46707 | AK56: ДФ МО | AL56: 10.05.25-03.11.27 | AM56: 46694 | AN56: 150000 | AO56: 0 | AP56: 3224.844 | AQ56: 70000 | AR56: 76775.156 | AS56: 0 | AT56: 0 | AU56: 0 | AV56: =AQ56-AD56 -> 70000 | AW56: https://zakupki.gov.ru/epz/contract/contractCard/common-info.html?reestrNumber=2502415352725000107 | AX56: 2502415352725000107 пи
A57: 2028
S58: =SUM(S59:S74) -> 33524988 | T58: =SUM(T59:T74) -> 9195249.3 | U58: =T58/S58 -> 0.27428046 | V58: =SUM(V59:V74) -> 8355030.6 | W58: =V58/S58 -> 0.249218 | X58: =SUM(X59:X74) -> 1270595.3 | Y58: =X58/S58 -> 0.037899949 | Z58: =SUM(Z59:Z74) -> 9137295.9 | AA58: =Z58/S58 -> 0.2725518 | AB58: =SUM(AB59:AB74) -> 840218.69 | AC58: =AB58/S58 -> 0.02506246 | AD58: =SUM(AD59:AD74) -> 849809.25 | AE58: =SUM(AE59:AE74) -> 235138.35 | AF58: =AE58/S58 -> 0.0070138234 | AG58: =SUM(AG59:AG74) -> 0 | AH58: =AG58/S58 -> 0 | AN58: =SUM(AN59:AN74) -> 50807701 | AO58: =SUM(AO59:AO74) -> 5381742 | AP58: =SUM(AP59:AP74) -> 5105444.7 | AQ58: =SUM(AQ59:AQ74) -> 5628451.7 | AR58: =SUM(AR59:AR74) -> 8935041.1 | AS58: =SUM(AS59:AS74) -> 20769142 | AT58: =SUM(AT59:AT74) -> 4987879.9 | AU58: =SUM(AU59:AU74) -> 0 | AV58: =SUM(AV59:AV74) -> 4778642.4
A59: 40 | B59: 1 | C59: 01.10 | D59: Люберцы | E59: Строительство путепровода в створе проектируемого проезда № 4037 в городе Люберцы Московской области | F59: 3.44119 | G59: 285 | H59: 45562 | I59: № 1/2024-60 | J59: АО "МИСК" | K59: 0.08 | L59: 0.08 | M59: =L59-K59 -> 0 | N59: 48 | O59: 10 | P59: октябрь 2025 | S59: 6643557.8 | T59: 1481093.6 | U59: =T59/S59 -> 0.22293681 | V59: 1481093.6 | W59: =V59/S59 -> 0.22293681 | X59: 0 | Y59: =X59/S59 -> 0 | Z59: 1481093.6 | AA59: =Z59-V59 -> 0.0019799999 | AB59: =T59-V59 -> 0 | AC59: =AB59/S59 -> 0 | AD59: 0 | AE59: 0 | AF59: =AE59/S59 -> 0 | AG59: 0 | AH59: =AG59/S59 -> 0 | AI59: =U59-L59 -> 0.14293681 | AJ59: 47012 | AK59: ДФ МО | AL59: 27.09.2024 - 27.12.2029 | AM59: 46843 | AN59: 7401314.7 | AO59: 1481093.6 | AP59: 478419.67 | AQ59: 428822.64 | AR59: 498000 | AS59: 1975000 | AT59: 2539978.9 | AU59: 0 | AV59: =AQ59-AD59 -> 428822.64 | AW59: https://zakupki.gov.ru/epz/contract/contractCard/common-info.html?reestrNumber=2502415352724000081 | AX59: 2502415352724000081 пи
A60: 41 | B60: 2 | C60: 01.10 | D60: Балашиха | E60: Строительство путепровода на 0+700 км автомобильной дороги Носовихинское ш. - Черное - Федурново в городском округе Балашиха Московской области | F60: 1.3 | H60: 45575 | I60: № 1/2024-64 | J60: АО "МИСК" | K60: 0.1 | L60: 0.16 | M60: =L60-K60 -> 0.06 | N60: 49 | O60: 15 | P60: октябрь 2025 | S60: 4760583.3 | T60: 1787581.3 | U60: =T60/S60 -> 0.37549628 | V60: 1648452.8 | W60: =V60/S60 -> 0.34627118 | X60: 194307.05 | Y60: =X60/S60 -> 0.040815807 | Z60: 1648452.8 | AA60: =Z60-V60 -> 0 | AB60: =T60-V60 -> 139128.53 | AC60: =AB60/S60 -> 0.0292251 | AD60: 0 | AE60: 0 | AF60: =AE60/S60 -> 0 | AG60: 0 | AH60: =AG60/S60 -> 0 | AI60: =U60-L60 -> 0.21549628 | AJ60: 47011 | AK60: ДФ МО | AL60: 10.10.2024- 27.12.2028 | AM60: 47011 | AN60: 6200000 | AO60: 1648452.8 | AP60: 165065.21 | AQ60: 287000.35 | AR60: 93604.418 | AS60: 2805878.2 | AT60: 1199999 | AU60: 0 | AV60: =AQ60-AD60 -> 287000.35 | AW60: https://zakupki.gov.ru/epz/contract/contractCard/common-info.html?reestrNumber=2502415352724000088 | AX60: 2502415352724000088 пи
A61: 42 | B61: 3 | C61: 01.10 | D61: Мытищи | E61: Строительство путепровода на пересечении Волковского шоссе и улицы Мира в городе Мытищи Московской области | F61: 0.8 | H61: 45565 | I61: № 1/2024-61 | J61: ООО "ПФ "ВИС" | K61: 0.1 | L61: 0.1 | M61: =L61-K61 -> 0 | N61: 10 | O61: 1 | P61: 46351 | S61: 4567081.1 | T61: 1297621 | U61: =T61/S61 -> 0.28412481 | V61: 1297621 | W61: =V61/S61 -> 0.28412481 | X61: 0 | Y61: =X61/S61 -> 0 | Z61: 1370124.3 | AA61: =Z61-V61 -> 72503.291 | AB61: =T61-V61 -> 0 | AC61: =AB61/S61 -> 0 | AD61: 0 | AE61: 0 | AF61: =AE61/S61 -> 0 | AG61: 0 | AH61: =AG61/S61 -> 0 | AI61: =U61-L61 -> 0.18412481 | AJ61: 46955 | AK61: ДФ МО | AL61: 30.09.2024- 31.01.2029 | AM61: 46955 | AN61: 5880228 | AO61: 37621.037 | AP61: 1268357.8 | AQ61: 443263.11 | AR61: 1161839.8 | AS61: 1721244.2 | AT61: 1247902 | AU61: 0 | AV61: =AQ61-AD61 -> 443263.11 | AW61: https://zakupki.gov.ru/epz/contract/contractCard/common-info.html?reestrNumber=2502415352724000083 | AX61: 2502415352724000083 пи
A62: 43 | B62: 4 | C62: 01.10 | D62: Ленинский | E62: Строительство автомобильной дороги Каширское шоссе – д. Сапроново в Ленинском городском округе Московской области | F62: 3.4 | J62: Расторгнут 30.01.2026 АО "МОСКОВСКИЙ ОБЛАСТНОЙ ДОРОЖНЫЙ ЦЕНТР" | P62: февраль 2024 | Q62: Утверждено | R62: 0.8 | AK62: ДФ МО | AL62: 06.02.2023- 31.05.2028 | AM62: 46904 | AN62: 5622381.6 | AO62: 653344.35 | AP62: 208593.7 | AQ62: 1316279.8 | AR62: 1419004.4 | AS62: 2025159.4 | AT62: 0 | AU62: 0 | AV62: =AQ62-AD62 -> 1316279.8
A63: 44 | B63: 5 | C63: 01.10 | D63: Химки Долгопрудный | E63: Строительство автомобильной дороги Павельцево - Ивакино в городских округах Химки, Долгопрудный Московской области | F63: 2.5 | H63: 45594 | I63: № 1/2024-71 | J63: АО "ДСК "АВТОБАН" | P63: 46290 | S63: 1909798.3 | T63: 638651.91 | U63: =T63/S63 -> 0.33440804 | V63: 559828.49 | W63: =V63/S63 -> 0.29313487 | X63: 118651.91 | Y63: =X63/S63 -> 0.062127978 | Z63: 572939.5 | AA63: =Z63-V63 -> 13111.013 | AB63: =T63-V63 -> 78823.422 | AC63: =AB63/S63 -> 0.041273165 | AD63: 0 | AE63: 0 | AF63: =AE63/S63 -> 0 | AG63: 0 | AH63: =AG63/S63 -> 0 | AI63: =U63-L63 -> 0.33440804 | AJ63: 47014 | AK63: ДФ МО | AL63: 29.10.2024- 18.09.2028 | AM63: 47014 | AN63: 3500000 | AO63: 39828.488 | AP63: 661580.74 | AQ63: 200000 | AR63: 100000 | AS63: 2498590.8 | AT63: 0 | AU63: 0 | AV63: =AQ63-AD63 -> 200000 | AW63: https://zakupki.gov.ru/epz/contract/contractCard/common-info.html?reestrNumber=2502415352724000095 | AX63: 2502415352724000095 пи
A64: 45 | B64: 6 | C64: 01.10 | D64: Мытищи | E64: Реконструкция автомобильных дорог Пироговское шоссе и Олимпийский проспект на участке от автомобильной дороги Пироговское шоссе - Свиноедово до автомобильной дороги Волковское шоссе в городском округе Мытищи Московской области. Реконструкция мостового перехода через р. Клязьма | F64: 1.1 | H64: 45593 | I64: № 1/2024-70 | J64: АО "МИСК" | K64: 0.25 | L64: 0.31 | M64: =L64-K64 -> 0.06 | N64: 61 | O64: 8 | P64: 12.08.2025. Требуется включение в ГП 3 этапа - съезд на ул. Сазонова | Q64: Утверждено, требуется корректировка в части 3 этапа | R64: 0.23 | S64: 2130462.3 | T64: 990726.85 | U64: =T64/S64 -> 0.46502905 | V64: 914599.02 | W64: =V64/S64 -> 0.42929604 | X64: 113393.99 | Y64: =X64/S64 -> 0.053225065 | Z64: 914599.02 | AA64: =Z64-V64 -> 0 | AB64: =T64-V64 -> 76127.83 | AC64: =AB64/S64 -> 0.03573301 | AD64: 0 | AE64: 0 | AF64: =AE64/S64 -> 0 | AG64: 0 | AH64: =AG64/S64 -> 0 | AI64: =U64-L64 -> 0.15502905 | AJ64: 46889 | AK64: ДФ МО | AL64: 28.10.2024 - 16.05.2028 | AM64: 46889 | AN64: 3500000 | AO64: 914599.02 | AP64: 217253.87 | AQ64: 346000 | AR64: 180000 | AS64: 1842147.1 | AT64: 0 | AU64: 0 | AV64: =AQ64-AD64 -> 346000 | AW64: https://zakupki.gov.ru/epz/contract/contractCard/common-info.html?reestrNumber=2502415352724000094 | AX64: 2502415352724000094 пи
A65: 46 | B65: 7 | C65: 01.10 | D65: Одинцовский | E65: Строительство участка автомобильной дороги Мякининское шоссе до автомобильной дороги «Подъездные дороги к Комплексу зданий Административно-общественного Центра Московской области» в Одинцовском городском округе Московской области | F65: 1.5069 | H65: 45651 | I65: № 1/2024-88 | J65: АО "ДиМ" | K65: 0.24 | L65: 0.26 | M65: =L65-K65 -> 0.02 | N65: 48 | O65: 10 | P65: 45182 | Q65: Утверждено | R65: 0.9 | S65: 2544160.4 | T65: 763248.12 | U65: =T65/S65 -> 0.3 | V65: 763248.12 | W65: =V65/S65 -> 0.3 | X65: 162293.8 | Y65: =X65/S65 -> 0.063790711 | Z65: 763248.12 | AA65: =Z65-V65 -> 0 | AB65: =T65-V65 -> 0 | AC65: =AB65/S65 -> 0 | AD65: 283248.12 | AE65: 0 | AF65: =AE65/S65 -> 0 | AG65: 0 | AH65: =AG65/S65 -> 0 | AI65: =U65-L65 -> 0.04 | AJ65: 46389 | AK65: ДФ МО | AL65: 20.07.2022- 27.12.2028 | AM65: 47087 | AN65: 3421635.4 | AO65: 66705.616 | AP65: 839614.97 | AQ65: 489000 | AR65: 88000 | AS65: 1938314.9 | AT65: 0 | AU65: 0 | AV65: =AQ65-AD65 -> 205751.88 | AW65: https://zakupki.gov.ru/epz/contract/contractCard/common-info.html?reestrNumber=2502415352724000118 | AX65: 2502415352724000118 пи
A66: 47 | B66: 8 | D66: Одинцовский | E66: Строительство транспортно пересадочного узла на железнодорожной станции Лесной городок в Одинцовском городском округе Московской области | H66: 45972 | I66: № 1/2025-106 | J66: АО "СТРОЙТРАНСГАЗ" | S66: 2470626.9 | T66: 31888.61 | U66: =T66/S66 -> 0.012907093 | V66: 31888.61 | W66: =V66/S66 -> 0.012907093 | X66: 0 | Y66: =X66/S66 -> 0 | AD66: 0 | AI66: =U66-L66 -> 0.012907093 | AL66: 01.09.2025-27.12.2028 | AM66: 47114 | AN66: 3338953.1 | AO66: 0 | AP66: 31888.61 | AQ66: 380829.04 | AR66: 2255599.7 | AS66: 670635.75 | AT66: 0 | AU66: 0 | AV66: =AQ66-AD66 -> 380829.04 | AW66: https://zakupki.gov.ru/epz/contract/contractCard/common-info.html?reestrNumber=2502415352725000151 | AX66: 2502415352725000151 пи
A67: 48 | B67: 9 | D67: Подольск | E67: Строительство транспортно пересадочного узла "Подольск" в городском округе Подольск Московской области» | H67: 45950 | I67: № 1/2025-96 | J67: ООО «МОСТЭНЕРГОСТРОЙ» | S67: 2165750.9 | T67: 216575.09 | U67: =T67/S67 -> 0.1 | V67: 216575.09 | W67: =V67/S67 -> 0.1 | X67: 0 | Y67: =X67/S67 -> 0 | AB67: =T67-V67 -> 0 | AC67: =AB67/S67 -> 0 | AD67: =193659.43901+12763.34299 -> 206422.78 | AI67: =U67-L67 -> 0.1 | AL67: 01.09.2025-27.12.2028 | AM67: 47114 | AN67: 3053460.5 | AO67: 0 | AP67: 10152.307 | AQ67: 308312.73 | AR67: 2058992.8 | AS67: 676002.71 | AT67: 0 | AU67: 0 | AV67: =AQ67-AD67 -> 101889.95 | AW67: https://zakupki.gov.ru/epz/contract/contractCard/common-info.html?reestrNumber=2502415352725000139 | AX67: 2502415352725000139 пи
A68: 49 | B68: 10 | C68: 01.10 | D68: Красногорск | E68: Строительство автомобильной дороги Путилково - Пятницкое шоссе в городском округе Красногорск Московской области | F68: 1.80519 | H68: 44760 | I68: № 1/2022-49 | J68: ООО ИФСК «АРКС» | K68: 0.62 | L68: 0.62 | M68: =L68-K68 -> 0 | N68: 3 | O68: 1 | P68: 44995 | Q68: Утверждено | R68: 1 | S68: 2096949.6 | T68: 1559124.3 | U68: =T68/S68 -> 0.74352016 | V68: 1012985.4 | W68: =V68/S68 -> 0.48307569 | X68: 681948.59 | Y68: =X68/S68 -> 0.32520982 | Z68: 1012985.4 | AA68: =Z68-V68 -> 0 | AB68: =T68-V68 -> 546138.91 | AC68: =AB68/S68 -> 0.26044447 | AD68: 0 | AE68: 0 | AF68: =AE68/S68 -> 0 | AG68: 0 | AH68: =AG68/S68 -> 0 | AI68: =U68-L68 -> 0.12352016 | AJ68: 46418 | AK68: Москва ДФ МО | AL68: 18.07.2022- 27.12.2028 | AM68: 46934 | AN68: 2409013.4 | AO68: 526129.04 | AP68: 1160436.3 | AQ68: 300000 | AR68: 100000 | AS68: 322448.07 | AT68: 0 | AU68: 0 | AV68: =AQ68-AD68 -> 300000 | AW68: https://zakupki.gov.ru/epz/contract/contractCard/common-info.html?reestrNumber=2502415352722000058 | AX68: 2502415352722000058 пи
A69: 50 | B69: 11 | C69: 01.10 | D69: Богородский | E69: Строительство и реконструкция участка автомобильной дороги Носовихинское шоссе вблизи деревни Булгаково в Богородском городском округе Московской области | F69: 1.6 | H69: 45944 | I69: № 1/2025-91 | J69: ООО "МАГИСТРАЛЬ" | P69: 46352 | S69: 1414079 | T69: 68260.738 | U69: =T69/S69 -> 0.048272226 | V69: 68260.738 | W69: =V69/S69 -> 0.048272226 | X69: 0 | Y69: =X69/S69 -> 0 | Z69: 424223.69 | AA69: =Z69-V69 -> 355962.95 | AB69: =T69-V69 -> 0 | AC69: =AB69/S69 -> 0 | AD69: =9022.10999+50977.89001 -> 60000 | AE69: 0 | AF69: =AE69/S69 -> 0 | AG69: 0 | AH69: =AG69/S69 -> 0 | AI69: =U69-L69 -> 0.048272226 | AJ69: 47078 | AK69: ДФ МО | AL69: 10.05.2025 - 27.12.2028 | AM69: 47114 | AN69: 1500000 | AO69: 0 | AP69: 8260.738 | AQ69: 111739.26 | AR69: 100000 | AS69: 1280000 | AT69: 0 | AU69: 0 | AV69: =AQ69-AD69 -> 51739.262 | AW69: https://zakupki.gov.ru/epz/contract/contractCard/common-info.html?reestrNumber=2502415352725000136 | AX69: 2502415352725000136 пи
A70: 51 | B70: 12 | C70: 01.10 | D70: Ленинский | E70: Строительство участка автомобильной дороги Щербинка - Федюково - Каширское шоссе (1 этап) и подъезда к ж/д станции Калинина в Ленинском городском округе Московской области | F70: 1.85 | H70: 45561 | I70: № 1/2024-54 | J70: АО "СТРОЙТРАНСГАЗ" | P70: 46143 | S70: 1033849.2 | T70: 13968.122 | U70: =T70/S70 -> 0.013510792 | V70: 13968.122 | W70: =V70/S70 -> 0.013510792 | X70: 0 | Y70: =X70/S70 -> 0 | Z70: 310154.76 | AA70: =Z70-V70 -> 296186.64 | AB70: =T70-V70 -> 0 | AC70: =AB70/S70 -> 0 | AD70: 0 | AE70: 0 | AF70: =AE70/S70 -> 0 | AG70: 0 | AH70: =AG70/U70 -> 0 | AI70: =U70-L70 -> 0.013510792 | AJ70: 46831 | AK70: ДФ МО | AL70: 01.06.2024- 27.12.2028 | AM70: 46831 | AN70: 1400000 | AO70: 13968.122 | AP70: 0 | AQ70: 137592.29 | AR70: 78000 | AS70: 1170439.6 | AT70: 0 | AU70: 0 | AV70: =AQ70-AD70 -> 137592.29 | AW70: https://zakupki.gov.ru/epz/contract/contractCard/common-info.html?reestrNumber=2502415352724000076 | AX70: 2502415352724000076 пи
A71: 52 | B71: 13 | C71: 01.10 | D71: Балашиха | E71: Строительство ул. Бояринова на участке от автомобильной дороги «Зенино – Павлино» до автомобильной дороги «Солнцево – Бутово – Видное – Каширское шоссе – Молоково – Лыкарино – Томилино – Красково – Железнодорожный» в городском округе Балашиха Московской области. 2 этап | F71: 0.5 | AK71: ДФ МО | AL71: 01.03.2026- 27.12.2028 | AM71: 47087 | AN71: 1100000 | AO71: 0 | AP71: 0 | AQ71: 40000 | AR71: 100000 | AS71: 960000 | AT71: 0 | AU71: 0 | AV71: =AQ71-AD71 -> 40000
A72: 53 | B72: 14 | C72: 01.10 | D72: Красногорск | E72: Реконструкция автомобильной дороги регионального значения Волоколамское шоссе - Козино - Нефедьево в городском округе Красногорск Московской области | F72: 3.89 | H72: 45764 | I72: № 1/2025-14 | J72: ООО "СК "ОРИОН ПЛЮС" | P72: 46381 | S72: 515239.33 | T72: 37175.502 | U72: =T72/S72 -> 0.072151909 | V72: 37175.502 | W72: =V72/S72 -> 0.072151909 | X72: 0 | Y72: =X72/S72 -> 0 | Z72: 257619.67 | AA72: =Z72-V72 -> 220444.17 | AB72: =T72-V72 -> 0 | AC72: =AB72/S72 -> 0 | AD72: 0 | AE72: 0 | AF72: =AE72/S72 -> 0 | AG72: 0 | AH72: =AG72/S72 -> 0 | AI72: =U72-L72 -> 0.072151909 | AJ72: 46783 | AK72: ДФ МО | AL72: 01.02.2025 - 27.12.2028 | AM72: 46920 | AN72: 880714.3 | AO72: 0 | AP72: 46625.012 | AQ72: 396050.54 | AR72: 100000 | AS72: 338038.75 | AT72: 0 | AU72: 0 | AV72: =AQ72-AD72 -> 396050.54 | AW72: https://zakupki.gov.ru/epz/contract/contractCard/common-info.html?reestrNumber=2502415352725000016 | AX72: 2502415352725000016 пи
A73: 54 | B73: 15 | C73: 01.10 | D73: Мытищи | E73: Строительство подъезда к ЖК «Катуар» от автомобильной дороги А-104 «Москва-Дмитров-Дубна» в д. Сухарево городского округа Мытищи Московской области | F73: 1.5 | H73: 45863 | I73: № 1/2025-62 | J73: ООО "ЗАБДОРСТРОЙ" | P73: 46291 | S73: 489055.84 | T73: 74195.786 | U73: =T73/S73 -> 0.1517123 | V73: 74195.786 | W73: =V73/S73 -> 0.1517123 | X73: 0 | Y73: =X73/S73 -> 0 | Z73: 146716.75 | AA73: =Z73-V73 -> 72520.967 | AB73: =T73-V73 -> 0 | AC73: =AB73/S73 -> 0 | AD73: =7536.81776+57463.18224 -> 65000 | AE73: 0 | AF73: =AE73/S73 -> 0 | AG73: 0 | AH73: =AG73/U73 -> 0 | AI73: =U73-L73 -> 0.1517123 | AJ73: 47089 | AK73: ДФ МО | AL73: 10.05.2025- 27.12.2028 | AM73: 46768 | AN73: 800000 | AO73: 0 | AP73: 9195.786 | AQ73: 143561.9 | AR73: 120000 | AS73: 527242.31 | AT73: 0 | AU73: 0 | AV73: =AQ73-AD73 -> 78561.901 | AW73: https://zakupki.gov.ru/epz/contract/contractCard/common-info.html?reestrNumber=2502415352725000084 | AX73: 2502415352725000084 пи
A74: 55 | B74: 16 | C74: 01.10 | D74: Одинцовский | E74: Строительство и реконструкция примыканий на автомобильной дороге А-106 Рублево-Успенское шоссе км 6 (справа) с реконструкцией улично-дорожной сети д. Барвиха в Одинцовском городском округе Московской области | F74: 0.9 | H74: 46055 | I74: № 1/2026-12 | J74: АО "МИСК" | P74: Август 2026 | S74: 783794.49 | T74: 235138.35 | U74: =T74/S74 -> 0.3 | V74: 235138.35 | W74: =V74/S74 -> 0.3 | X74: 0 | Y74: =X74/S74 -> 0 | Z74: 235138.35 | AA74: =Z74-V74 -> 0 | AB74: =T74-V74 -> 0 | AC74: =AB74/S74 -> 0 | AD74: 235138.35 | AE74: 235138.35 | AF74: =AE74/S74 -> 0.3 | AG74: 0 | AH74: =AG74/S74 -> 0 | AI74: =U74-L74 -> 0.3 | AJ74: 46921 | AK74: ДФ МО | AL74: 01.02.2026-10.10.2028 | AM74: 47036 | AN74: 800000 | AO74: 0 | AP74: 0 | AQ74: 300000 | AR74: 482000 | AS74: 18000 | AT74: 0 | AU74: 0 | AV74: =AQ74-AD74 -> 64861.652 | AW74: https://zakupki.gov.ru/epz/contract/contractCard/common-info.html?reestrNumber=2502415352726000014 | AX74: 2502415352726000014 пи
A75: 2029
S76: =SUM(S77:S85) -> 38721927 | T76: =SUM(T77:T85) -> 14986285 | U76: =T76/S76 -> 0.38702323 | V76: =SUM(V77:V85) -> 11487178 | W76: =V76/S76 -> 0.29665822 | X76: =SUM(X77:X85) -> 7718395.7 | Y76: =X76/S76 -> 0.19932881 | Z76: =SUM(Z77:Z85) -> 13872544 | AA76: =SUM(AA77:AA85) -> 2385366 | AB76: =SUM(AB77:AB85) -> 3499107.3 | AD76: =SUM(AD77:AD85) -> 5187606.1 | AE76: =SUM(AE77:AE85) -> 2500000 | AG76: =SUM(AG77:AG85) -> 0 | AN76: =SUM(AN77:AN85) -> 55563457 | AO76: =SUM(AO77:AO85) -> 4234508.2 | AP76: =SUM(AP77:AP85) -> 7047527.3 | AQ76: =SUM(AQ77:AQ85) -> 6503402.5 | AR76: =SUM(AR77:AR85) -> 6814712.1 | AS76: =SUM(AS77:AS85) -> 1992514.8 | AT76: =SUM(AT77:AT85) -> 26881967 | AU76: =SUM(AU77:AU85) -> -0.00039999932 | AV76: =SUM(AV77:AV85) -> 1315796.5
A77: 56 | B77: 1 | C77: 01.10 | D77: Дмитровский | E77: Реконструкция автомобильной дороги Спиридово – «А-104 «Москва – Дмитров – Дубна» – Дмитров – МБК (с реконструкцией мостового перехода через канал им. Москвы) и автомобильной дороги по улице Профессиональная в Дмитровском городском округе Московской области | F77: 3.98478 | H77: 45747 | I77: №1/2025-03 | J77: АО "ДиМ" | K77: 0.105 | L77: 0.11 | M77: =L77-K77 -> 0.005 | N77: 205 | O77: 49 | P77: декабрь 2024 | Q77: Утверждено | R77: 1 | S77: 14764374 | T77: 4996821.2 | U77: =T77/S77 -> 0.33843772 | V77: 4996821.2 | W77: =V77/S77 -> 0.33843772 | X77: 2968079.1 | Y77: =X77/S77 -> 0.20102979 | Z77: 7382187.2 | AA77: =Z77-V77 -> 2385366 | AB77: =T77-V77 -> 0 | AC77: =AB77/S77 -> 0 | AD77: 2956000 | AE77: 2500000 | AF77: =AE77/S77 -> 0.16932651 | AG77: 0 | AH77: =AG77/S77 -> 0 | AI77: =U77-L77 -> 0.22843772 | AJ77: 47590 | AK77: Москва ДФ МО | AL77: 06.02.2023- 27.12.2029 | AM77: 47479 | AN77: 20817220 | AO77: 392443.29 | AP77: 2140928 | AQ77: 3130000.1 | AR77: 100000 | AS77: 1000000 | AT77: 14053848 | AU77: 0 | AV77: =AQ77-AD77 -> 174000.06 | AW77: https://zakupki.gov.ru/epz/contract/contractCard/common-info.html?reestrNumber=2502415352725000006 | AX77: 2502415352725000006 пи
A78: 57 | B78: 2 | C78: 01.10 | D78: Солнечногорск | E78: Строительство автомобильной дороги «Пятницкое шоссе» на участке «Митино - ЦКАД» (Этап 1) | F78: 9.43947 | H78: 44762 | I78: № 1/2022-55 | J78: ООО «ИФСК «АРКС» | K78: 0.32 | L78: 0.32 | M78: =L78-K78 -> 0 | N78: 19 | O78: 6 | P78: декабрь 2023 | Q78: Утверждено | R78: 0.99 | S78: 13603952 | T78: =7770176.13517-12318.26657 -> 7757857.9 | U78: =T78/S78 -> 0.570265 | V78: 4258750.6 | W78: =V78/S78 -> 0.31305245 | X78: 4750316.5 | Y78: =X78/S78 -> 0.3491865 | Z78: 4258750.6 | AA78: =Z78-V78 -> 0 | AB78: =T78-V78 -> 3499107.3 | AC78: =AB78/S78 -> 0.25721255 | AD78: 0 | AE78: 0 | AF78: =AE78/S78 -> 0 | AG78: 0 | AH78: =AG78/S78 -> 0 | AI78: =U78-L78 -> 0.250265 | AJ78: 46783 | AK78: Москва ДФ МО | AL78: 20.07.2022- 27.12.2029 | AM78: 47361 | AN78: 15846136 | AO78: 3782927 | AP78: 4906599.2 | AQ78: 806427.21 | AR78: 714342.31 | AS78: 181514.77 | AT78: 5454325.6 | AU78: -0.00039999932 | AV78: =AQ78-AD78 -> 806427.21 | AW78: https://zakupki.gov.ru/epz/contract/contractCard/common-info.html?reestrNumber=2502415352722000065 | AX78: 2502415352722000065 пи
A79: 58 | B79: 3 | C79: И8.01 | D79: Ступино | E79: Строительство автомобильной дороги «Псарево - Петрово» на участке от М-4 «Дон» до транспортной развязки через ж/д пути | F79: 7.37468 | H79: 46134 | I79: № 1/2026-27 | J79: АО "ДСК "АВТОБАН" | S79: 5890387.6 | T79: 0 | U79: =T79/S79 -> 0 | V79: 0 | W79: =V79/S79 -> 0 | X79: 0 | Y79: =X79/S79 -> 0 | AD79: 0 | AI79: =U79-L79 -> 0 | AK79: ФБ ДФ МО | AL79: 14.05.2018- 27.12.2029 | AM79: 47452 | AN79: 7450101.5 | AO79: 59137.896 | AP79: 0 | AQ79: 39712.162 | AR79: 5255369.8 | AS79: #REF! | AT79: 7056.142 | AU79: 0 | AV79: =AQ79-AD79 -> 39712.162 | AW79: https://zakupki.gov.ru/epz/contract/contractCard/common-info.html?reestrNumber=2502415352726000036 | AX79: 2502415352726000036 пи
A80: 59 | B80: 4 | C80: 01.10 | D80: Одинцовский | E80: Строительство транспортной развязки на пересечении автомобильных дорог ул. Учительская и А-106 «Рублево-Успенское шоссе» в Одинцовском городском округе Московской области | F80: 1 | H80: 46008 | I80: № 1/2025-128 | J80: АО «МИСК» | P80: август 2026 | Q80: В разработке | R80: 0 | S80: 4463212.1 | T80: 2231606.1 | U80: =T80/S80 -> 0.5 | V80: 2231606.1 | W80: =V80/S80 -> 0.5 | X80: 0 | Y80: =X80/S80 -> 0 | Z80: 2231606.1 | AA80: =Z80-V80 -> 0 | AB80: =T80-V80 -> 0 | AC80: =AB80/S80 -> 0 | AD80: 2231606.1 | AE80: 0 | AF80: =AE80/S80 -> 0 | AG80: 0 | AH80: =AG80/S80 -> 0 | AI80: =U80-L80 -> 0.5 | AJ80: 47454 | AK80: Москва ДФ МО | AL80: 01.10.2025- 27.12.2029 | AM80: 47376 | AN80: 4500000 | AO80: 0 | AP80: 0 | AQ80: 2457263.1 | AR80: 695000 | AS80: 695000 | AT80: 652736.89 | AU80: 0 | AV80: =AQ80-AD80 -> 225657.04 | AW80: https://zakupki.gov.ru/epz/contract/contractCard/common-info.html?reestrNumber=2502415352725000170 | AX80: 2502415352725000170 пи
A81: 60 | B81: 5 | C81: 01.10 | D81: Мытищи | E81: Строительство автомобильной дороги Мытищи - МКАД в городском округе Мытищи Московской области. 1 этап | F81: 1.6 | AK81: ДФ МО | AL81: 10.05.2026- 27.12.2029 | AM81: 47452 | AN81: 2400000 | AO81: 0 | AP81: 0 | AQ81: 70000 | AR81: 50000 | AS81: 50000 | AT81: 2230000 | AU81: 0 | AV81: =AQ81-AD81 -> 70000
A82: 61 | B82: 6 | C82: 01.10 | D82: Мытищи | E82: Реконструкция Новомытищинского проспекта в городском округе Мытищи Московской области | F82: 1.6 | AK82: ДФ МО | AL82: 10.05.2029- 27.12.2029 | AM82: 47475 | AN82: 2300000 | AO82: 0 | AP82: 0 | AQ82: 0 | AR82: 0 | AS82: 0 | AT82: 2300000 | AU82: 0 | AV82: =AQ82-AD82 -> 0
A83: 62 | B83: 7 | C83: 01.10 | D83: Балашиха | E83: Строительство участка автомобильной дороги Кучино - М-7 "Волга" - Федурново от улицы Красноармейская в городе Балашиха до улицы Авиарембаза в деревне Федурново и строительства автомобильной дороги Подъезд к ст. Железнодорожная в Городском округе Балашиха Московской области. Этап 1 | F83: 1 | AK83: ДФ МО | AL83: 01.01.2028- 25.12.2029 | AM83: 47477 | AN83: 1200000 | AO83: 0 | AP83: 0 | AQ83: 0 | AR83: 0 | AS83: 36000 | AT83: 1164000 | AU83: 0 | AV83: =AQ83-AD83 -> 0
A84: 63 | B84: 8 | C84: 01.10 | D84: Чехов | E84: Реконструкция существующего примыкания на км 70+621 автомобильной дороги федерального значения М-2 "Крым" для возможности проезда к деревне Чудиново и многофункциональному логистическому комплексу муниципального округа Чехов Московской области | F84: 3.02 | AK84: ДФ МО | AL84: 20.01.2029- 27.12.2029 | AM84: 47479 | AN84: 550000 | AO84: 0 | AP84: 0 | AQ84: 0 | AR84: 0 | AS84: 0 | AT84: 550000 | AU84: 0 | AV84: =AQ84-AD84 -> 0
A85: 64 | B85: 9 | C85: 01.10 | D85: Солнечногорск | E85: Строительство автомобильной дороги "Обход д. Ожогино" в городском округе Солнечногорск Московской области | F85: 1 | AK85: ДФ МО | AL85: 20.01.2028- 27.12.2029 | AM85: 47479 | AN85: 500000 | AO85: 0 | AP85: 0 | AQ85: 0 | AR85: 0 | AS85: 30000 | AT85: 470000 | AU85: 0 | AV85: =AQ85-AD85 -> 0
A86: Оставляем в ПИР
S87: =SUM(S88:S111) -> 39589357 | T87: =SUM(T88:T111) -> 3009938.6 | U87: =T87/S87 -> 0.076028985 | V87: =SUM(V88:V111) -> 2684479 | W87: =V87/S87 -> 0.067808098 | X87: =SUM(X88:X111) -> 327948.3 | Y87: =X87/S87 -> 0.008283749 | Z87: =SUM(Z88:Z111) -> 10878034 | AA87: =SUM(AA88:AA111) -> 8193555 | AB87: =SUM(AB88:AB111) -> 325459.61 | AC87: =AB87/S87 -> 0.0082208866 | AD87: =SUM(AD88:AD111) -> 376911.58 | AE87: =SUM(AE88:AE111) -> 7161.5879 | AF87: =AE87/S87 -> 0.0001808968 | AG87: =SUM(AG88:AG111) -> 0 | AH87: =AG87/S87 -> 0 | AN87: =SUM(AN88:AN111) -> 67252082 | AO87: =SUM(AO88:AO111) -> 2280570.5 | AP87: =SUM(AP88:AP111) -> 4347089.3 | AQ87: =SUM(AQ88:AQ111) -> 3866842.5 | AR87: =SUM(AR88:AR111) -> 11537207 | AS87: =SUM(AS88:AS111) -> 7613182.9 | AT87: =SUM(AT88:AT111) -> 37607189 | AU87: =SUM(AU88:AU111) -> 0 | AV87: =SUM(AV88:AV111) -> 3489930.9
A88: 65 | B88: 1 | C88: 01.10 | D88: Балашиха | E88: Реконструкция автомобильной дороги Носовихинское шоссе на участке от автомобильной дороги Кучино - М-7 «Волга» до автомобильной дороги Носовихинское шоссе - Агрогородок в городском округе Балашиха Московской области | F88: 8.04242 | H88: 45849 | I88: № 1/2025-53 | J88: ООО "ПФ "ВИС" | P88: октябрь 25 | Q88: Утверждено | R88: 0 | S88: 4301894 | T88: 51724.34 | U88: =T88/S88 -> 0.01202362 | V88: 51724.34 | W88: =V88/S88 -> 0.01202362 | X88: 0 | Y88: =X88/S88 -> 0 | Z88: 430189.4 | AA88: =Z88-V88 -> 378465.06 | AB88: =T88-V88 -> 0 | AC88: =AB88/S88 -> 0 | AD88: 0 | AE88: 0 | AF88: =AE88/S88 -> 0 | AG88: 0 | AH88: =AG88/S88 -> 0 | AJ88: 47435 | AK88: ДФ МО | AL88: 27.01.2020- 31.01.2029 | AM88: 47149 | AN88: 13952735 | AO88: 311075.71 | AP88: 1286299.9 | AQ88: 686744.87 | AR88: 202000 | AS88: 200000 | AT88: 11266614 | AU88: 0 | AV88: =AQ88-AD88 -> 686744.87 | AW88: https://zakupki.gov.ru/epz/contract/contractCard/common-info.html?reestrNumber=2502415352725000075 | AX88: 2502415352725000075 пи
A89: 66 | B89: 2 | C89: 01.10 | D89: Ленинский | E89: Строительство участка автомобильной дороги регионального значения «Молоковское шоссе – Нижнее Мячково» в Ленинском городском округе Московской области | F89: 6.46088 | H89: 44858 | I89: № 1/2022-73 | J89: АО "СТРОЙТРАНСГАЗ" | P89: март 2024 | S89: 4779285.2 | T89: 1501520.7 | U89: =T89/S89 -> 0.31417266 | V89: 1208640.5 | W89: =V89/S89 -> 0.25289148 | X89: 292880.26 | Y89: =X89/S89 -> 0.061281184 | Z89: 1345921.5 | AA89: =Z89-V89 -> 137280.98 | AB89: =T89-V89 -> 292880.26 | AC89: =AB89/S89 -> 0.061281184 | AD89: 0 | AE89: 0 | AF89: =AE89/S89 -> 0 | AG89: 0 | AH89: =AG89/S89 -> 0 | AJ89: 46811 | AK89: Москва ДФ МО | AL89: 24.10.2022- 27.12.2029 | AM89: 47452 | AN89: 9565188.3 | AO89: 1508603.9 | AP89: 1730322.5 | AQ89: 324253.55 | AR89: 277390.61 | AS89: 1500000 | AT89: 4224617.8 | AU89: 0 | AV89: =AQ89-AD89 -> 324253.55 | AW89: https://zakupki.gov.ru/epz/contract/contractCard/common-info.html?reestrNumber=2502415352722000093 | AX89: 2502415352722000093 пи
A90: 67 | B90: 3 | C90: 02.04 | D90: Орехово-Зуевский | E90: Строительство путепровода в створе ул. С. Морозова – пр. 30-й Казармы в г. Орехово-Зуево в Орехово-Зуевском городском округе Московской области | H90: 45859 | I90: № 1/2025-57 | J90: АО "ДиМ" | P90: 46321 | S90: 5131606.6 | T90: 51184.459 | U90: =T90/S90 -> 0.0099743535 | V90: 51184.459 | W90: =V90/S90 -> 0.0099743535 | X90: 0 | Y90: =X90/S90 -> 0 | Z90: 1539482 | AA90: =Z90-V90 -> 1488297.5 | AB90: =T90-V90 -> 0 | AC90: =AB90/S90 -> 0 | AD90: 0 | AE90: 0 | AF90: =AE90/S90 -> 0 | AG90: 0 | AH90: =AG90/S90 -> 0 | AJ90: 47455 | AK90: ДФ МО | AL90: 10.05.25-15.05.29 | AM90: 47253 | AN90: 6000000 | AO90: 0 | AP90: 51184.459 | AQ90: 178815.54 | AR90: 100000 | AS90: 170418.2 | AT90: 5499581.8 | AU90: 0 | AV90: =AQ90-AD90 -> 178815.54 | AW90: https://zakupki.gov.ru/epz/contract/contractCard/common-info.html?reestrNumber=2502415352725000079 | AX90: 2502415352725000079 пи
A91: 68 | B91: 4 | C91: 01.10 | D91: Мытищи | E91: Реконструкция Водопроводной аллеи со строительством путепровода на пересечении с автомобильной дорогой М-8 «Холмогоры» в городском округе Мытищи Московской области | F91: 2 | H91: 45863 | I91: № 1/2025-61 | J91: АО "МСУ-1" | P91: 46321 | S91: 4894285.2 | T91: 34697.886 | U91: =T91/S91 -> 0.0070894695 | V91: 34697.886 | W91: =V91/S91 -> 0.0070894695 | X91: 0 | Y91: =X91/S91 -> 0 | Z91: 1468285.6 | AA91: =Z91-V91 -> 1433587.7 | AB91: =T91-V91 -> 0 | AC91: =AB91/S91 -> 0 | AD91: 0 | AE91: 0 | AF91: =AE91/S91 -> 0 | AG91: 0 | AH91: =AG91/S91 -> 0 | AJ91: 47459 | AK91: ДФ МО | AL91: 15.05.2025- 01.10.2029 | AM91: 47392 | AN91: 5000000 | AO91: 0 | AP91: 34697.886 | AQ91: 85000 | AR91: 122272.4 | AS91: 80000 | AT91: 4678029.7 | AU91: 0 | AV91: =AQ91-AD91 -> 85000 | AW91: https://zakupki.gov.ru/epz/contract/contractCard/common-info.html?reestrNumber=2502415352725000083 | AX91: 2502415352725000083 пи
A92: 69 | B92: 5 | C92: 01.10 | D92: Шатура | E92: Строительство путепровода через железнодорожные пути на перегоне между платформой Ботино и платформой Кривандино Казанского направления Московской железной дороги в деревне Новосидориха городского округа Шатура Московской области | F92: 1.1 | H92: 45909 | I92: № 1/2025-78 | J92: АО "МИСК" | P92: 46352 | S92: 3779460.8 | T92: 43868.17 | U92: =T92/S92 -> 0.011606992 | V92: 43868.17 | W92: =V92/S92 -> 0.011606992 | X92: 0 | Y92: =X92/S92 -> 0 | Z92: 1133838.2 | AA92: =Z92-V92 -> 1089970.1 | AB92: =T92-V92 -> 0 | AC92: =AB92/S92 -> 0 | AD92: 0 | AE92: 0 | AF92: =AE92/S92 -> 0 | AG92: 0 | AH92: =AG92/S92 -> 0 | AJ92: 47470 | AK92: ДФ МО | AL92: 10.05.2025- 27.12.2029 | AM92: 46744 | AN92: 4000000 | AO92: 0 | AP92: 43868.17 | AQ92: 169131.83 | AR92: 100000 | AS92: 90000 | AT92: 3597000 | AU92: 0 | AV92: =AQ92-AD92 -> 169131.83 | AW92: https://zakupki.gov.ru/epz/contract/contractCard/common-info.html?reestrNumber=2502415352725000112 | AX92: 2502415352725000112 пи
A93: 70 | B93: 6 | C93: 01.10 | D93: Королев | E93: Реконструкция автомобильной дороги М-8 «Холмогоры» - Лесные Поляны - Королев на участке км 3 - км 5 в городском округе Королев Московской области | F93: 1.4701 | H93: 45883 | I93: 1/2025-68 | J93: ООО "СК "ОРИОН ПЛЮС" | P93: 46260 | S93: 2969691.5 | T93: 257840 | U93: =T93/S93 -> 0.086823834 | V93: 257840 | W93: =V93/S93 -> 0.086823834 | X93: 0 | Y93: =X93/S93 -> 0 | Z93: 296969.15 | AA93: =Z93-V93 -> 39129.148 | AB93: =T93-V93 -> 0 | AC93: =AB93/S93 -> 0 | AD93: =13115.83416+236884.16584 -> 250000 | AE93: 0 | AF93: =AE93/S93 -> 0 | AG93: 0 | AH93: =AG93/S93 -> 0 | AJ93: 46724 | AK93: ДФ МО | AL93: 05.02.2018- 27.12.2027 | AM93: 46748 | AN93: 3636228.3 | AO93: 359548.87 | AP93: 25945.592 | AQ93: 389027.2 | AR93: 2861706.6 | AS93: 5.8207661e-11 | AT93: 5.8207661e-11 | AU93: 0 | AV93: =AQ93-AD93 -> 139027.2 | AW93: https://zakupki.gov.ru/epz/contract/contractCard/common-info.html?reestrNumber=2502415352725000101 | AX93: 2502415352725000101 пи
A94: 71 | B94: 7 | C94: 01.10 | D94: Истра | E94: Строительство автомобильной дороги «Северный обход г. Истры» - «Андреевское - Полевшина» в муниципальном округе Истра Московской области | F94: 1.9 | H94: 45895 | I94: № 1/2025-71 | J94: АО "ГК "ЕКС" | P94: 46321 | S94: 3178785.8 | T94: 44923.6 | U94: =T94/S94 -> 0.014132314 | V94: 44923.6 | W94: =V94/S94 -> 0.014132314 | X94: 0 | Y94: =X94/S94 -> 0 | Z94: 953635.74 | AA94: =Z94-V94 -> 908712.14 | AB94: =T94-V94 -> 0 | AC94: =AB94/S94 -> 0 | AD94: 0 | AE94: 0 | AF94: =AE94/S94 -> 0 | AG94: 0 | AH94: =AG94/U94 -> 0 | AJ94: 47096 | AK94: ДФ МО | AL94: 01.07.2025-13.02.2029 | AM94: 46796 | AN94: 3500000 | AO94: 0 | AP94: 44923.6 | AQ94: 175076.4 | AR94: 100000 | AS94: 80000 | AT94: 3100000 | AU94: 0 | AV94: =AQ94-AD94 -> 175076.4 | AW94: https://zakupki.gov.ru/epz/contract/contractCard/common-info.html?reestrNumber=2502415352725000104 | AX94: 2502415352725000104 пи
A95: 72 | B95: 8 | C95: 01.10 | D95: Королев | E95: Реконструкция автомобильной дороги ул. Водопроводная аллея в границах городского округа Мытищи до границы городского округа Королев Московской области | F95: 5.2 | AK95: ДФ МО | AL95: 15.09.2026- 27.12.2029 | AM95: 47392 | AN95: 3290000 | AO95: 0 | AP95: 0 | AQ95: 53500 | AR95: 103500 | AS95: 50000 | AT95: 3083000 | AU95: 0 | AV95: =AQ95-AD95 -> 53500
A96: 73 | B96: 9 | C96: 01.10 | D96: Балашиха | E96: Строительство ул. Керамическая на участке от автомобильной дороги «г. Железнодорожный, ул. Керамическая - Павлино 1» до автомобильной дороги «Солнцево – Бутово – Видное – Каширское шоссе – Молоково – Лыткарино –Томилино – Красково – Железнодорожный» в го Балашиха | F96: 1 | H96: 45876 | I96: № 1/2025-66 | J96: АО "МСУ-1" | P96: 46107 | S96: 1501991.3 | T96: 92654.043 | U96: =T96/S96 -> 0.061687472 | V96: 92654.043 | W96: =V96/S96 -> 0.061687472 | X96: 0 | Y96: =X96/S96 -> 0 | Z96: 450597.38 | AA96: =Z96-V96 -> 357943.33 | AB96: =T96-V96 -> 0 | AC96: =AB96/S96 -> 0 | AD96: =11972.99043+68027.00957 -> 80000 | AE96: 0 | AF96: =AE96/S96 -> 0 | AG96: 0 | AH96: =AG96/S96 -> 0 | AJ96: 47452 | AK96: ДФ МО | AL96: 10.05.2025- 27.12.2029 | AM96: 46768 | AN96: 2500000 | AO96: 0 | AP96: 12654.043 | AQ96: 138000 | AR96: 111000 | AS96: 80000 | AT96: 2158346 | AU96: 0 | AV96: =AQ96-AD96 -> 58000 | AW96: https://zakupki.gov.ru/epz/contract/contractCard/common-info.html?reestrNumber=2502415352725000098 | AX96: 2502415352725000098 пи
A97: 74 | B97: 10 | C97: 01.10 | D97: Домодедово | E97: Строительство боковых проездов а/д М-4 «Дон» в Ленинском городском округе, го Домодедово | F97: 2.5 | H97: 45896 | I97: № 1/2025-73 | J97: АО "СТРОЙТРАНСГАЗ" | P97: ноябрь 2026 | Q97: Октябрь | R97: 0 | S97: 1753364.7 | T97: 427109.42 | U97: =T97/S97 -> 0.24359418 | V97: 427109.42 | W97: =V97/S97 -> 0.24359418 | X97: 0 | Y97: =X97/S97 -> 0 | Z97: 526009.4 | AA97: =Z97-V97 -> 98899.975 | AB97: =T97-V97 -> 0 | AC97: =AB97/S97 -> 0 | AD97: 0 | AE97: 0 | AF97: =AE97/S97 -> 0 | AG97: 0 | AH97: =AG97/S97 -> 0 | AJ97: 47112 | AK97: ДФ МО | AL97: 10.05.2025- 27.12.2028 | AM97: 46744 | AN97: 2301000 | AO97: 0 | AP97: 427109.42 | AQ97: 283890.58 | AR97: 100000 | AS97: 1490000 | AT97: 0 | AU97: 0 | AV97: =AQ97-AD97 -> 283890.58 | AW97: https://zakupki.gov.ru/epz/contract/contractCard/common-info.html?reestrNumber=2502415352725000106 | AX97: 2502415352725000106 пи
A98: 75 | B98: 11 | C98: 02.04. | D98: Одинцовский | E98: Реконструкция ул. Московская на участке от Советского проспекта до 1-я Запрудная ул.в Одинцовском городском округе Московской области | AK98: ДФ МО | AL98: 10.05.26-31.03.28 | AM98: 46684 | AN98: 2070000 | AO98: 0 | AP98: 0 | AQ98: 70000 | AR98: 100000 | AS98: 1900000 | AT98: 0 | AU98: 0 | AV98: =AQ98-AD98 -> 70000
A99: 76 | B99: 12 | C99: 01.10 | D99: Балашиха | E99: Реконструкция ул. Пролетарская (на участке от ул. Маяковского до ул. Пионерская) и ул. Автозаводская (на участке от ул. Пионерская до ул. Корнилаева) в городском округе Балашиха Московской области | F99: 1.56 | H99: 45754 | I99: № 1/2025-09 | J99: АО "МСУ-1" | P99: март 2026 | S99: 1009728.6 | T99: 303246.01 | U99: =T99/S99 -> 0.30032429 | V99: 303246.01 | W99: =V99/S99 -> 0.30032429 | X99: 0 | Y99: =X99/S99 -> 0 | Z99: 504864.28 | AA99: =Z99-V99 -> 201618.27 | AB99: =T99-V99 -> 0 | AC99: =AB99/S99 -> 0 | AD99: 0 | AE99: 0 | AF99: =AE99/S99 -> 0 | AG99: 0 | AH99: =AG99/S99 -> 0 | AJ99: 46730 | AK99: ДФ МО | AL99: 01.02.2025- 16.09.2027 | AM99: 46646 | AN99: 1600000 | AO99: 0 | AP99: 504864.28 | AQ99: 316753.99 | AR99: 778381.73 | AS99: 0 | AT99: 0 | AU99: 0 | AV99: =AQ99-AD99 -> 316753.99 | AW99: https://zakupki.gov.ru/epz/contract/contractCard/common-info.html?reestrNumber=2502415352725000012 | AX99: 2502415352725000012 пи
A100: 77 | B100: 13 | C100: 02.04. | D100: Раменский | E100: Строительство автомобильной дороги местного значения п. Денежниково - с. Петровское в Раменском городском округе | H100: 45751 | I100: №1/2025-07 | J100: ООО "ИНЖИНИРИНГ ГРУПП" | P100: декабрь 2025 | S100: 788938.2 | T100: 22000 | U100: =T100/S100 -> 0.027885581 | V100: 22000 | W100: =V100/S100 -> 0.027885581 | X100: 0 | Y100: =X100/S100 -> 0 | Z100: 556090.38 | AA100: =Z100-V100 -> 534090.38 | AB100: =T100-V100 -> 0 | AC100: =AB100/S100 -> 0 | AD100: 0 | AE100: 0 | AF100: =AE100/S100 -> 0 | AG100: 0 | AH100: =AG100/S100 -> 0 | AJ100: 46742 | AK100: ДФ МО | AL100: 01.02.25- 10.10.27 | AM100: 46670 | AN100: 1450000 | AO100: 0 | AP100: 27119.153 | AQ100: 113003.29 | AR100: 1309877.6 | AS100: 0 | AT100: 0 | AU100: 0 | AV100: =AQ100-AD100 -> 113003.29 | AW100: https://zakupki.gov.ru/epz/contract/contractCard/common-info.html?reestrNumber=2502415352725000011 | AX100: 2502415352725000011 пи
A101: 78 | B101: 14 | C101: 01.10 | D101: Подольск | E101: Строительство автомобильной дороги Подъезд к ИП Коледино в Городском округе Подольск Московской области | F101: 1.53 | H101: 45561 | I101: № 1/2024-53 | J101: АО "СТРОЙТРАНСГАЗ" | P101: март 2026 | S101: 1396625.6 | T101: 11211.191 | U101: =T101/S101 -> 0.0080273422 | V101: 11211.191 | W101: =V101/S101 -> 0.0080273422 | X101: 0 | Y101: =X101/S101 -> 0 | Z101: 418987.67 | AA101: =Z101-V101 -> 407776.48 | AB101: =T101-V101 -> 0 | AC101: =AB101/S101 -> 0 | AD101: 0 | AE101: 0 | AF101: =AE101/S101 -> 0 | AG101: 0 | AH101: =AG101/S101 -> 0 | AJ101: 46501 | AK101: ДФ МО | AL101: 26.09.2024- 27.12.2027 | AM101: 46660 | AN101: 1432251.5 | AO101: 11211.191 | AP101: 0 | AQ101: 84890.068 | AR101: 1336150.2 | AS101: 0 | AT101: 0 | AU101: 0 | AV101: =AQ101-AD101 -> 84890.068 | AW101: https://zakupki.gov.ru/epz/contract/contractCard/common-info.html?reestrNumber=2502415352724000075 | AX101: 2502415352724000075 пи
...
